store_nbr,family,city,state,store_type,cluster,mean_units,total_units,zero_share,group,lead_time,shelf_life,q_star
1,AUTOMOTIVE,Quito,Pichincha,D,13,3.2531195,5475.0,0.12948793,hardware,7,0,0.98
1,BEAUTY,Quito,Pichincha,D,13,2.4099822,4056.0,0.14891112,grocery,3,0,0.98
1,BEVERAGES,Quito,Pichincha,D,13,1588.6923,2.673769e+06,0.0029429076,grocery,2,0,0.98
1,BOOKS,Quito,Pichincha,D,13,0.6895425,211.0,0.55590063,grocery,3,0,0.98
1,BREAD/BAKERY,Quito,Pichincha,D,13,338.6763,569992.2,0.0029429076,perishable,1,2,0.5
1,CELEBRATION,Quito,Pichincha,D,13,12.726308,16786.0,0.23970038,grocery,3,0,0.98
1,CLEANING,Quito,Pichincha,D,13,640.83484,1.078525e+06,0.0029429076,grocery,2,0,0.98
1,DAIRY,Quito,Pichincha,D,13,626.47296,1.054354e+06,0.0029429076,perishable,1,5,0.5
1,DELI,Quito,Pichincha,D,13,123.016685,207037.08,0.0029429076,perishable,1,3,0.5
1,EGGS,Quito,Pichincha,D,13,140.52644,236506.0,0.0029429076,perishable,1,5,0.5
1,FROZEN FOODS,Quito,Pichincha,D,13,129.48686,217926.39,0.0029429076,grocery,2,0,0.98
1,GROCERY I,Quito,Pichincha,D,13,2224.4937,3.743823e+06,0.0029429076,grocery,2,0,0.98
1,GROCERY II,Quito,Pichincha,D,13,21.855616,36783.0,0.007062978,grocery,3,0,0.98
1,HARDWARE,Quito,Pichincha,D,13,1.600713,2694.0,0.30782813,hardware,7,0,0.98
1,HOME AND KITCHEN I,Quito,Pichincha,D,13,18.958302,25006.0,0.12059925,hardware,7,0,0.98
1,HOME AND KITCHEN II,Quito,Pichincha,D,13,16.52464,21796.0,0.12434457,hardware,7,0,0.98
1,HOME APPLIANCES,Quito,Pichincha,D,13,0.33828774,569.0,0.74558306,hardware,7,0,0.98
1,HOME CARE,Quito,Pichincha,D,13,128.93253,170062.0,0.20674157,grocery,2,0,0.98
1,LADIESWEAR,Quito,Pichincha,D,13,12.005307,15835.0,0.23146068,hardware,7,0,0.98
1,LAWN AND GARDEN,Quito,Pichincha,D,13,9.013072,15169.0,0.03884638,hardware,7,0,0.98
1,LINGERIE,Quito,Pichincha,D,13,6.7225194,11314.0,0.071806945,hardware,7,0,0.98
1,"LIQUOR,WINE,BEER",Quito,Pichincha,D,13,101.07606,170111.0,0.10888758,grocery,2,0,0.98
1,MAGAZINES,Quito,Pichincha,D,13,4.0932527,5399.0,0.28689137,grocery,3,0,0.98
1,MEATS,Quito,Pichincha,D,13,313.49277,527608.3,0.0029429076,perishable,1,3,0.5
1,PERSONAL CARE,Quito,Pichincha,D,13,129.25371,217534.0,0.0029429076,grocery,2,0,0.98
1,PET SUPPLIES,Quito,Pichincha,D,13,4.4351783,5850.0,0.2411985,grocery,3,0,0.98
1,PLAYERS AND ELECTRONICS,Quito,Pichincha,D,13,6.757392,8913.0,0.23745318,hardware,7,0,0.98
1,POULTRY,Quito,Pichincha,D,13,284.38583,478621.38,0.0029429076,perishable,1,3,0.5
1,PREPARED FOODS,Quito,Pichincha,D,13,80.79594,135979.56,0.0029429076,perishable,1,2,0.5
1,PRODUCE,Quito,Pichincha,D,13,1517.5963,2.44333e+06,0.06211562,perishable,1,4,0.5618265777321704
1,SCHOOL AND OFFICE SUPPLIES,Quito,Pichincha,D,13,0.25417766,289.0,0.8048569,grocery,3,0,0.98
1,SEAFOOD,Quito,Pichincha,D,13,25.959007,43689.008,0.0029429076,perishable,1,2,0.5
2,AUTOMOTIVE,Quito,Pichincha,D,13,5.4070115,9100.0,0.036492053,hardware,7,0,0.98
2,BABY CARE,Quito,Pichincha,D,13,0.21265823,84.0,0.8223844,grocery,3,0,0.98
2,BEAUTY,Quito,Pichincha,D,13,4.7153893,7936.0,0.044143613,grocery,3,0,0.98
2,BEVERAGES,Quito,Pichincha,D,13,2468.1592,4.153912e+06,0.002354326,grocery,2,0,0.98
2,BOOKS,Quito,Pichincha,D,13,0.78104573,239.0,0.60559005,grocery,3,0,0.98
2,BREAD/BAKERY,Quito,Pichincha,D,13,549.1817,924272.8,0.002354326,perishable,1,2,0.5
2,CELEBRATION,Quito,Pichincha,D,13,10.147081,13384.0,0.22996254,grocery,3,0,0.98
2,CLEANING,Quito,Pichincha,D,13,966.0541,1.625869e+06,0.002354326,grocery,2,0,0.98
2,DAIRY,Quito,Pichincha,D,13,853.74927,1.43686e+06,0.002354326,perishable,1,5,0.5
2,DELI,Quito,Pichincha,D,13,244.49501,411485.1,0.002354326,perishable,1,3,0.5
2,EGGS,Quito,Pichincha,D,13,187.00891,314736.0,0.002354326,perishable,1,5,0.5
2,FROZEN FOODS,Quito,Pichincha,D,13,160.8135,270649.12,0.002354326,grocery,2,0,0.98
2,GROCERY I,Quito,Pichincha,D,13,3916.6394,6.591704e+06,0.0029429076,grocery,2,0,0.98
2,GROCERY II,Quito,Pichincha,D,13,31.304218,52685.0,0.002354326,grocery,3,0,0.98
2,HARDWARE,Quito,Pichincha,D,13,1.1724138,1972.0,0.39045936,hardware,7,0,0.98
2,HOME AND KITCHEN I,Quito,Pichincha,D,13,22.478394,29649.0,0.11460674,hardware,7,0,0.98
2,HOME AND KITCHEN II,Quito,Pichincha,D,13,18.395754,24264.0,0.117603,hardware,7,0,0.98
2,HOME APPLIANCES,Quito,Pichincha,D,13,0.49753088,806.0,0.6363081,hardware,7,0,0.98
2,HOME CARE,Quito,Pichincha,D,13,226.39955,298621.0,0.20674157,grocery,2,0,0.98
2,LADIESWEAR,Quito,Pichincha,D,13,22.394997,29539.0,0.22696629,hardware,7,0,0.98
2,LAWN AND GARDEN,Quito,Pichincha,D,13,8.237077,13863.0,0.04237787,hardware,7,0,0.98
2,LINGERIE,Quito,Pichincha,D,13,9.327986,15699.0,0.026486168,hardware,7,0,0.98
2,"LIQUOR,WINE,BEER",Quito,Pichincha,D,13,86.55496,145672.0,0.109476164,grocery,2,0,0.98
2,MAGAZINES,Quito,Pichincha,D,13,4.904328,6459.0,0.28507125,grocery,3,0,0.98
2,MEATS,Quito,Pichincha,D,13,505.00046,849915.75,0.002354326,perishable,1,3,0.5
2,PERSONAL CARE,Quito,Pichincha,D,13,263.123,442836.0,0.0029429076,grocery,2,0,0.98
2,PET SUPPLIES,Quito,Pichincha,D,13,6.929492,9140.0,0.22322097,grocery,3,0,0.98
2,PLAYERS AND ELECTRONICS,Quito,Pichincha,D,13,7.2805157,9603.0,0.23146068,hardware,7,0,0.98
2,POULTRY,Quito,Pichincha,D,13,486.8927,819440.44,0.002354326,perishable,1,3,0.5
2,PREPARED FOODS,Quito,Pichincha,D,13,125.00445,210382.48,0.002354326,perishable,1,2,0.5
2,PRODUCE,Quito,Pichincha,D,13,1727.6982,2.7815942e+06,0.044895448,perishable,1,4,0.5618265777321704
2,SCHOOL AND OFFICE SUPPLIES,Quito,Pichincha,D,13,0.6784141,770.0,0.62033015,grocery,3,0,0.98
2,SEAFOOD,Quito,Pichincha,D,13,32.232296,54246.957,0.002354326,perishable,1,2,0.5
3,AUTOMOTIVE,Quito,Pichincha,D,8,9.297089,15647.0,0.0064743967,hardware,7,0,0.98
3,BABY CARE,Quito,Pichincha,D,8,1.7012658,672.0,0.26277372,grocery,3,0,0.98
3,BEAUTY,Quito,Pichincha,D,8,9.619132,16189.0,0.0076515595,grocery,3,0,0.98
3,BEVERAGES,Quito,Pichincha,D,8,6744.854,1.1351589e+07,0.002354326,grocery,2,0,0.98
3,BOOKS,Quito,Pichincha,D,8,1.7589576,540.0,0.39009288,grocery,3,0,0.98
3,BREAD/BAKERY,Quito,Pichincha,D,8,1151.1464,1.9373794e+06,0.002354326,perishable,1,2,0.5
3,CELEBRATION,Quito,Pichincha,D,8,36.732372,48450.0,0.22696629,grocery,3,0,0.98
3,CLEANING,Quito,Pichincha,D,8,2064.4277,3.474432e+06,0.002354326,grocery,2,0,0.98
3,DAIRY,Quito,Pichincha,D,8,2042.0986,3.436852e+06,0.002354326,perishable,1,5,0.5
3,DELI,Quito,Pichincha,D,8,394.93167,664670.0,0.002354326,perishable,1,3,0.5
3,EGGS,Quito,Pichincha,D,8,522.8645,879981.0,0.002354326,perishable,1,5,0.5
3,FROZEN FOODS,Quito,Pichincha,D,8,449.5421,756579.4,0.002354326,grocery,2,0,0.98
3,GROCERY I,Quito,Pichincha,D,8,7706.7544,1.2970468e+07,0.002354326,grocery,2,0,0.98
3,GROCERY II,Quito,Pichincha,D,8,77.32145,130132.0,0.002354326,grocery,3,0,0.98
3,HARDWARE,Quito,Pichincha,D,8,3.0011883,5051.0,0.102413185,hardware,7,0,0.98
3,HOME AND KITCHEN I,Quito,Pichincha,D,8,55.812737,73617.0,0.11460674,hardware,7,0,0.98
3,HOME AND KITCHEN II,Quito,Pichincha,D,8,44.585293,58808.0,0.11460674,hardware,7,0,0.98
3,HOME APPLIANCES,Quito,Pichincha,D,8,1.9434543,3162.0,0.24893488,hardware,7,0,0.98
3,HOME CARE,Quito,Pichincha,D,8,414.16528,546284.0,0.2059925,grocery,2,0,0.98
3,LADIESWEAR,Quito,Pichincha,D,8,39.42229,51998.0,0.22921348,hardware,7,0,0.98
3,LAWN AND GARDEN,Quito,Pichincha,D,8,24.548426,41315.0,0.008828723,hardware,7,0,0.98
3,LINGERIE,Quito,Pichincha,D,8,27.546642,46361.0,0.0029429076,hardware,7,0,0.98
3,"LIQUOR,WINE,BEER",Quito,Pichincha,D,8,219.6744,369712.0,0.108299,grocery,2,0,0.98
3,MAGAZINES,Quito,Pichincha,D,8,15.547457,20476.0,0.22280571,grocery,3,0,0.98
3,MEATS,Quito,Pichincha,D,8,811.9362,1.3664886e+06,0.002354326,perishable,1,3,0.5
3,PERSONAL CARE,Quito,Pichincha,D,8,503.84253,847967.0,0.002354326,grocery,2,0,0.98
3,PET SUPPLIES,Quito,Pichincha,D,8,14.918878,19678.0,0.22247191,grocery,3,0,0.98
3,PLAYERS AND ELECTRONICS,Quito,Pichincha,D,8,22.566338,29765.0,0.22696629,hardware,7,0,0.98
3,POULTRY,Quito,Pichincha,D,8,1132.0491,1.9052385e+06,0.002354326,perishable,1,3,0.5
3,PREPARED FOODS,Quito,Pichincha,D,8,367.72308,618877.94,0.002354326,perishable,1,2,0.5
3,PRODUCE,Quito,Pichincha,D,8,5349.8857,8.613316e+06,0.020295203,perishable,1,4,0.5618265777321704
3,SCHOOL AND OFFICE SUPPLIES,Quito,Pichincha,D,8,1.1116974,1264.0,0.49783173,grocery,3,0,0.98
3,SEAFOOD,Quito,Pichincha,D,8,106.328156,178950.28,0.002354326,perishable,1,2,0.5
4,AUTOMOTIVE,Quito,Pichincha,D,9,4.0207963,6767.0,0.064743966,hardware,7,0,0.98
4,BABY CARE,Quito,Pichincha,D,9,0.09486166,24.0,0.8810409,grocery,3,0,0.98
4,BEAUTY,Quito,Pichincha,D,9,4.09388,6890.0,0.05061801,grocery,3,0,0.98
4,BEVERAGES,Quito,Pichincha,D,9,2179.5222,3.668136e+06,0.002354326,grocery,2,0,0.98
4,BOOKS,Quito,Pichincha,D,9,0.8636364,266.0,0.54320985,grocery,3,0,0.98
4,BREAD/BAKERY,Quito,Pichincha,D,9,405.7528,682882.0,0.002354326,perishable,1,2,0.5
4,CELEBRATION,Quito,Pichincha,D,9,8.149356,10749.0,0.23220974,grocery,3,0,0.98
4,CLEANING,Quito,Pichincha,D,9,885.2335,1.489848e+06,0.002354326,grocery,2,0,0.98
4,DAIRY,Quito,Pichincha,D,9,789.77185,1.329186e+06,0.002354326,perishable,1,5,0.5
4,DELI,Quito,Pichincha,D,9,216.1478,363776.75,0.002354326,perishable,1,3,0.5
4,EGGS,Quito,Pichincha,D,9,172.16637,289756.0,0.002354326,perishable,1,5,0.5
4,FROZEN FOODS,Quito,Pichincha,D,9,150.73355,253684.58,0.002354326,grocery,2,0,0.98
4,GROCERY I,Quito,Pichincha,D,9,3348.986,5.6363435e+06,0.002354326,grocery,2,0,0.98
4,GROCERY II,Quito,Pichincha,D,9,20.819963,35040.0,0.0029429076,grocery,3,0,0.98
4,HARDWARE,Quito,Pichincha,D,9,1.138608,1914.0,0.40954626,hardware,7,0,0.98
4,HOME AND KITCHEN I,Quito,Pichincha,D,9,17.649734,23280.0,0.11610487,hardware,7,0,0.98
4,HOME AND KITCHEN II,Quito,Pichincha,D,9,11.308567,14916.0,0.11985019,hardware,7,0,0.98
4,HOME APPLIANCES,Quito,Pichincha,D,9,0.405672,658.0,0.6916972,hardware,7,0,0.98
4,HOME CARE,Quito,Pichincha,D,9,196.30325,258924.0,0.2059925,grocery,2,0,0.98
4,LADIESWEAR,Quito,Pichincha,D,9,19.400303,25589.0,0.22696629,hardware,7,0,0.98
4,LAWN AND GARDEN,Quito,Pichincha,D,9,9.368984,15768.0,0.053560916,hardware,7,0,0.98
4,LINGERIE,Quito,Pichincha,D,9,4.6066546,7753.0,0.15832843,hardware,7,0,0.98
4,"LIQUOR,WINE,BEER",Quito,Pichincha,D,9,83.1943,140016.0,0.10888758,grocery,2,0,0.98
4,MAGAZINES,Quito,Pichincha,D,9,4.4605465,5879.0,0.28785607,grocery,3,0,0.98
4,MEATS,Quito,Pichincha,D,9,369.85764,622470.4,0.002354326,perishable,1,3,0.5
4,PERSONAL CARE,Quito,Pichincha,D,9,228.15388,383983.0,0.002354326,grocery,2,0,0.98
4,PET SUPPLIES,Quito,Pichincha,D,9,5.418499,7147.0,0.23370786,grocery,3,0,0.98
4,PLAYERS AND ELECTRONICS,Quito,Pichincha,D,9,6.89765,9098.0,0.23295881,hardware,7,0,0.98
4,POULTRY,Quito,Pichincha,D,9,449.21066,756021.56,0.002354326,perishable,1,3,0.5
4,PREPARED FOODS,Quito,Pichincha,D,9,99.77734,167925.27,0.002354326,perishable,1,2,0.5
4,PRODUCE,Quito,Pichincha,D,9,1639.4958,2.6395882e+06,0.031365313,perishable,1,4,0.5618265777321704
4,SCHOOL AND OFFICE SUPPLIES,Quito,Pichincha,D,9,0.3072871,350.0,0.778355,grocery,3,0,0.98
4,SEAFOOD,Quito,Pichincha,D,9,32.72197,55071.074,0.002354326,perishable,1,2,0.5
5,AUTOMOTIVE,Santo Domingo,Santo Domingo de los Tsachilas,D,4,5.462864,9194.0,0.025309006,hardware,7,0,0.98
5,BABY CARE,Santo Domingo,Santo Domingo de los Tsachilas,D,4,0.6213873,215.0,0.61878455,grocery,3,0,0.98
5,BEAUTY,Santo Domingo,Santo Domingo de los Tsachilas,D,4,5.1598334,8684.0,0.021188935,grocery,3,0,0.98
5,BEVERAGES,Santo Domingo,Santo Domingo de los Tsachilas,D,4,1505.5443,2.533831e+06,0.002354326,grocery,2,0,0.98
5,BOOKS,Santo Domingo,Santo Domingo de los Tsachilas,D,4,0.7491857,230.0,0.55417955,grocery,3,0,0.98
5,BREAD/BAKERY,Santo Domingo,Santo Domingo de los Tsachilas,D,4,381.96945,642854.56,0.002354326,perishable,1,2,0.5
5,CELEBRATION,Santo Domingo,Santo Domingo de los Tsachilas,D,4,19.845337,26176.0,0.22696629,grocery,3,0,0.98
5,CLEANING,Santo Domingo,Santo Domingo de los Tsachilas,D,4,990.9376,1.667748e+06,0.002354326,grocery,2,0,0.98
5,DAIRY,Santo Domingo,Santo Domingo de los Tsachilas,D,4,517.69635,871283.0,0.002354326,perishable,1,5,0.5
5,DELI,Santo Domingo,Santo Domingo de los Tsachilas,D,4,246.7445,415271.0,0.002354326,perishable,1,3,0.5
5,EGGS,Santo Domingo,Santo Domingo de los Tsachilas,D,4,113.399284,190851.0,0.002354326,perishable,1,5,0.5
5,FROZEN FOODS,Santo Domingo,Santo Domingo de los Tsachilas,D,4,160.23125,269669.2,0.002354326,grocery,2,0,0.98
5,GROCERY I,Santo Domingo,Santo Domingo de los Tsachilas,D,4,3126.9646,5.2626815e+06,0.002354326,grocery,2,0,0.98
5,GROCERY II,Santo Domingo,Santo Domingo de los Tsachilas,D,4,19.75104,33241.0,0.004708652,grocery,3,0,0.98
5,HARDWARE,Santo Domingo,Santo Domingo de los Tsachilas,D,4,1.0249554,1725.0,0.42201295,hardware,7,0,0.98
5,HOME AND KITCHEN I,Santo Domingo,Santo Domingo de los Tsachilas,D,4,22.825626,30107.0,0.11460674,hardware,7,0,0.98
5,HOME AND KITCHEN II,Santo Domingo,Santo Domingo de los Tsachilas,D,4,28.231995,37238.0,0.11460674,hardware,7,0,0.98
5,HOME APPLIANCES,Santo Domingo,Santo Domingo de los Tsachilas,D,4,0.550208,926.0,0.6238964,hardware,7,0,0.98
5,HOME CARE,Santo Domingo,Santo Domingo de los Tsachilas,D,4,181.41243,239283.0,0.2059925,grocery,2,0,0.98
5,LADIESWEAR,Santo Domingo,Santo Domingo de los Tsachilas,D,4,11.230477,14813.0,0.22846442,hardware,7,0,0.98
5,LAWN AND GARDEN,Santo Domingo,Santo Domingo de los Tsachilas,D,4,2.9565735,4970.0,0.30583382,hardware,7,0,0.98
5,LINGERIE,Santo Domingo,Santo Domingo de los Tsachilas,D,4,18.752823,31561.0,0.003531489,hardware,7,0,0.98
5,"LIQUOR,WINE,BEER",Santo Domingo,Santo Domingo de los Tsachilas,D,4,65.60547,110414.0,0.10888758,grocery,2,0,0.98
5,MAGAZINES,Santo Domingo,Santo Domingo de los Tsachilas,D,4,4.980288,6569.0,0.22846442,grocery,3,0,0.98
5,MEATS,Santo Domingo,Santo Domingo de los Tsachilas,D,4,283.4845,477104.4,0.002354326,perishable,1,3,0.5
5,PERSONAL CARE,Santo Domingo,Santo Domingo de los Tsachilas,D,4,267.4783,450166.0,0.002354326,grocery,2,0,0.98
5,PET SUPPLIES,Santo Domingo,Santo Domingo de los Tsachilas,D,4,2.4253223,3199.0,0.30037454,grocery,3,0,0.98
5,PLAYERS AND ELECTRONICS,Santo Domingo,Santo Domingo de los Tsachilas,D,4,6.0833964,8024.0,0.22921348,hardware,7,0,0.98
5,POULTRY,Santo Domingo,Santo Domingo de los Tsachilas,D,4,249.33475,419630.38,0.002354326,perishable,1,3,0.5
5,PREPARED FOODS,Santo Domingo,Santo Domingo de los Tsachilas,D,4,87.93293,147991.12,0.002354326,perishable,1,2,0.5
5,PRODUCE,Santo Domingo,Santo Domingo de los Tsachilas,D,4,1027.0697,1.6535822e+06,0.023370234,perishable,1,4,0.5618265777321704
5,SCHOOL AND OFFICE SUPPLIES,Santo Domingo,Santo Domingo de los Tsachilas,D,4,0.71378404,813.0,0.75238097,grocery,3,0,0.98
5,SEAFOOD,Santo Domingo,Santo Domingo de los Tsachilas,D,4,13.285201,22358.994,0.002354326,perishable,1,2,0.5
6,AUTOMOTIVE,Quito,Pichincha,D,13,5.3642306,9028.0,0.030606238,hardware,7,0,0.98
6,BABY CARE,Quito,Pichincha,D,13,0.3243243,12.0,0.5660377,grocery,3,0,0.98
6,BEAUTY,Quito,Pichincha,D,13,5.667855,9539.0,0.028251912,grocery,3,0,0.98
6,BEVERAGES,Quito,Pichincha,D,13,3008.3813,5.063106e+06,0.002354326,grocery,2,0,0.98
6,BOOKS,Quito,Pichincha,D,13,0.24675325,76.0,0.86728394,grocery,3,0,0.98
6,BREAD/BAKERY,Quito,Pichincha,D,13,546.1098,919102.75,0.002354326,perishable,1,2,0.5
6,CELEBRATION,Quito,Pichincha,D,13,11.943139,15753.0,0.22846442,grocery,3,0,0.98
6,CLEANING,Quito,Pichincha,D,13,1236.558,2.081127e+06,0.002354326,grocery,2,0,0.98
6,DAIRY,Quito,Pichincha,D,13,957.8336,1.612034e+06,0.002354326,perishable,1,5,0.5
6,DELI,Quito,Pichincha,D,13,341.86594,575360.4,0.002354326,perishable,1,3,0.5
6,EGGS,Quito,Pichincha,D,13,205.00772,345028.0,0.002354326,perishable,1,5,0.5
6,FROZEN FOODS,Quito,Pichincha,D,13,224.9777,378637.47,0.002354326,grocery,2,0,0.98
6,GROCERY I,Quito,Pichincha,D,13,4638.53,7.806646e+06,0.002354326,grocery,2,0,0.98
6,GROCERY II,Quito,Pichincha,D,13,35.218063,59272.0,0.002354326,grocery,3,0,0.98
6,HARDWARE,Quito,Pichincha,D,13,0.93281806,1569.0,0.48233217,hardware,7,0,0.98
6,HOME AND KITCHEN I,Quito,Pichincha,D,13,22.2373,29331.0,0.11460674,hardware,7,0,0.98
6,HOME AND KITCHEN II,Quito,Pichincha,D,13,37.49583,49457.0,0.11460674,hardware,7,0,0.98
6,HOME APPLIANCES,Quito,Pichincha,D,13,0.40752158,661.0,0.7307692,hardware,7,0,0.98
6,HOME CARE,Quito,Pichincha,D,13,258.02197,340331.0,0.2059925,grocery,2,0,0.98
6,LADIESWEAR,Quito,Pichincha,D,13,24.605762,32455.0,0.22696629,hardware,7,0,0.98
6,LAWN AND GARDEN,Quito,Pichincha,D,13,7.7902555,13111.0,0.079458505,hardware,7,0,0.98
6,LINGERIE,Quito,Pichincha,D,13,8.150327,13717.0,0.02295468,hardware,7,0,0.98
6,"LIQUOR,WINE,BEER",Quito,Pichincha,D,13,93.43018,157243.0,0.108299,grocery,2,0,0.98
6,MAGAZINES,Quito,Pichincha,D,13,4.670963,6161.0,0.29138577,grocery,3,0,0.98
6,MEATS,Quito,Pichincha,D,13,495.6187,834126.3,0.002354326,perishable,1,3,0.5
6,PERSONAL CARE,Quito,Pichincha,D,13,321.56445,541193.0,0.002354326,grocery,2,0,0.98
6,PET SUPPLIES,Quito,Pichincha,D,13,7.5435934,9950.0,0.22397004,grocery,3,0,0.98
6,PLAYERS AND ELECTRONICS,Quito,Pichincha,D,13,9.920394,13085.0,0.22771536,hardware,7,0,0.98
6,POULTRY,Quito,Pichincha,D,13,631.46747,1.0627598e+06,0.002354326,perishable,1,3,0.5
6,PREPARED FOODS,Quito,Pichincha,D,13,140.70006,236798.19,0.002354326,perishable,1,2,0.5
6,PRODUCE,Quito,Pichincha,D,13,1797.1328,2.8933838e+06,0.0067650676,perishable,1,4,0.5618265777321704
6,SCHOOL AND OFFICE SUPPLIES,Quito,Pichincha,D,13,0.46169773,446.0,0.7830957,grocery,3,0,0.98
6,SEAFOOD,Quito,Pichincha,D,13,43.482086,73180.35,0.002354326,perishable,1,2,0.5
7,AUTOMOTIVE,Quito,Pichincha,D,8,4.248366,7150.0,0.06533255,hardware,7,0,0.98
7,BABY CARE,Quito,Pichincha,D,8,0.1632653,48.0,0.8129032,grocery,3,0,0.98
7,BEAUTY,Quito,Pichincha,D,8,3.6494355,6142.0,0.048852265,grocery,3,0,0.98
7,BEVERAGES,Quito,Pichincha,D,8,3323.0,5.592609e+06,0.002354326,grocery,2,0,0.98
7,BOOKS,Quito,Pichincha,D,8,0.6850649,211.0,0.7314815,grocery,3,0,0.98
7,BREAD/BAKERY,Quito,Pichincha,D,8,643.01715,1.0821979e+06,0.002354326,perishable,1,2,0.5
7,CELEBRATION,Quito,Pichincha,D,8,14.378317,18965.0,0.22696629,grocery,3,0,0.98
7,CLEANING,Quito,Pichincha,D,8,1052.1384,1.770749e+06,0.002354326,grocery,2,0,0.98
7,DAIRY,Quito,Pichincha,D,8,1225.9703,2.063308e+06,0.002354326,perishable,1,5,0.5
7,DELI,Quito,Pichincha,D,8,169.10686,284606.84,0.002354326,perishable,1,3,0.5
7,EGGS,Quito,Pichincha,D,8,285.07428,479780.0,0.002354326,perishable,1,5,0.5
7,FROZEN FOODS,Quito,Pichincha,D,8,257.80527,433886.25,0.002354326,grocery,2,0,0.98
7,GROCERY I,Quito,Pichincha,D,8,3712.4028,6.247974e+06,0.002354326,grocery,2,0,0.98
7,GROCERY II,Quito,Pichincha,D,8,40.05704,67416.0,0.002354326,grocery,3,0,0.98
7,HARDWARE,Quito,Pichincha,D,8,2.052381,3448.0,0.22995283,hardware,7,0,0.98
7,HOME AND KITCHEN I,Quito,Pichincha,D,8,18.497347,24398.0,0.117603,hardware,7,0,0.98
7,HOME AND KITCHEN II,Quito,Pichincha,D,8,17.713419,23364.0,0.115355805,hardware,7,0,0.98
7,HOME APPLIANCES,Quito,Pichincha,D,8,0.7748069,1304.0,0.53148913,hardware,7,0,0.98
7,HOME CARE,Quito,Pichincha,D,8,192.04094,253302.0,0.2059925,grocery,2,0,0.98
7,LADIESWEAR,Quito,Pichincha,D,8,9.289614,12253.0,0.23071161,hardware,7,0,0.98
7,LAWN AND GARDEN,Quito,Pichincha,D,8,19.04278,32049.0,0.011183049,hardware,7,0,0.98
7,LINGERIE,Quito,Pichincha,D,8,8.909685,14995.0,0.025897587,hardware,7,0,0.98
7,"LIQUOR,WINE,BEER",Quito,Pichincha,D,8,159.43137,268323.0,0.108299,grocery,2,0,0.98
7,MAGAZINES,Quito,Pichincha,D,8,8.470053,11172.0,0.21797752,grocery,3,0,0.98
7,MEATS,Quito,Pichincha,D,8,522.884,880013.7,0.002354326,perishable,1,3,0.5
7,PERSONAL CARE,Quito,Pichincha,D,8,213.42424,359193.0,0.002354326,grocery,2,0,0.98
7,PET SUPPLIES,Quito,Pichincha,D,8,4.913571,6481.0,0.23445693,grocery,3,0,0.98
7,PLAYERS AND ELECTRONICS,Quito,Pichincha,D,8,8.823351,11638.0,0.22921348,hardware,7,0,0.98
7,POULTRY,Quito,Pichincha,D,8,605.2488,1.0186337e+06,0.002354326,perishable,1,3,0.5
7,PREPARED FOODS,Quito,Pichincha,D,8,179.51765,302128.22,0.002354326,perishable,1,2,0.5
7,PRODUCE,Quito,Pichincha,D,8,3463.872,5.576834e+06,0.020910209,perishable,1,4,0.5618265777321704
7,SCHOOL AND OFFICE SUPPLIES,Quito,Pichincha,D,8,0.47349823,536.0,0.7151568,grocery,3,0,0.98
7,SEAFOOD,Quito,Pichincha,D,8,57.599995,96940.79,0.002354326,perishable,1,2,0.5
8,AUTOMOTIVE,Quito,Pichincha,D,8,5.282234,8890.0,0.033549145,hardware,7,0,0.98
8,BABY CARE,Quito,Pichincha,D,8,0.35588974,142.0,0.6987952,grocery,3,0,0.98
8,BEAUTY,Quito,Pichincha,D,8,7.1919193,12104.0,0.013537375,grocery,3,0,0.98
8,BEVERAGES,Quito,Pichincha,D,8,3771.331,6.34715e+06,0.002354326,grocery,2,0,0.98
8,BOOKS,Quito,Pichincha,D,8,1.0325733,317.0,0.51702785,grocery,3,0,0.98
8,BREAD/BAKERY,Quito,Pichincha,D,8,753.23114,1.267688e+06,0.002354326,perishable,1,2,0.5
8,CELEBRATION,Quito,Pichincha,D,8,18.935556,24976.0,0.22696629,grocery,3,0,0.98
8,CLEANING,Quito,Pichincha,D,8,1262.0653,2.124056e+06,0.002354326,grocery,2,0,0.98
8,DAIRY,Quito,Pichincha,D,8,1410.4652,2.373813e+06,0.002354326,perishable,1,5,0.5
8,DELI,Quito,Pichincha,D,8,278.69925,469050.84,0.002354326,perishable,1,3,0.5
8,EGGS,Quito,Pichincha,D,8,327.24063,550746.0,0.002354326,perishable,1,5,0.5
8,FROZEN FOODS,Quito,Pichincha,D,8,237.71573,400075.56,0.002354326,grocery,2,0,0.98
8,GROCERY I,Quito,Pichincha,D,8,4699.9204,7.909966e+06,0.002354326,grocery,2,0,0.98
8,GROCERY II,Quito,Pichincha,D,8,41.499107,69843.0,0.002354326,grocery,3,0,0.98
8,HARDWARE,Quito,Pichincha,D,8,2.3906064,4021.0,0.16372202,hardware,7,0,0.98
8,HOME AND KITCHEN I,Quito,Pichincha,D,8,37.943897,50048.0,0.11460674,hardware,7,0,0.98
8,HOME AND KITCHEN II,Quito,Pichincha,D,8,32.80667,43272.0,0.11460674,hardware,7,0,0.98
8,HOME APPLIANCES,Quito,Pichincha,D,8,1.2095882,1968.0,0.42604992,hardware,7,0,0.98
8,HOME CARE,Quito,Pichincha,D,8,297.15314,391945.0,0.2059925,grocery,2,0,0.98
8,LADIESWEAR,Quito,Pichincha,D,8,31.683094,41790.0,0.22696629,hardware,7,0,0.98
8,LAWN AND GARDEN,Quito,Pichincha,D,8,16.825907,28318.0,0.018246027,hardware,7,0,0.98
8,LINGERIE,Quito,Pichincha,D,8,22.396317,37693.0,0.002354326,hardware,7,0,0.98
8,"LIQUOR,WINE,BEER",Quito,Pichincha,D,8,147.69281,248567.0,0.10888758,grocery,2,0,0.98
8,MAGAZINES,Quito,Pichincha,D,8,10.514784,13869.0,0.21498127,grocery,3,0,0.98
8,MEATS,Quito,Pichincha,D,8,519.63324,874542.75,0.002354326,perishable,1,3,0.5
8,PERSONAL CARE,Quito,Pichincha,D,8,327.70053,551520.0,0.0029429076,grocery,2,0,0.98
8,PET SUPPLIES,Quito,Pichincha,D,8,12.964367,17100.0,0.22322097,grocery,3,0,0.98
8,PLAYERS AND ELECTRONICS,Quito,Pichincha,D,8,14.37301,18958.0,0.22696629,hardware,7,0,0.98
8,POULTRY,Quito,Pichincha,D,8,599.0144,1.00814125e+06,0.002354326,perishable,1,3,0.5
8,PREPARED FOODS,Quito,Pichincha,D,8,212.0784,356927.94,0.002354326,perishable,1,2,0.5
8,PRODUCE,Quito,Pichincha,D,8,3200.1406,5.1522265e+06,0.11808118,perishable,1,4,0.5618265777321704
8,SCHOOL AND OFFICE SUPPLIES,Quito,Pichincha,D,8,0.62335384,710.0,0.638961,grocery,3,0,0.98
8,SEAFOOD,Quito,Pichincha,D,8,55.764816,93852.19,0.002354326,perishable,1,2,0.5
9,AUTOMOTIVE,Quito,Pichincha,B,6,13.878788,23358.0,0.007062978,hardware,7,0,0.98
9,BABY CARE,Quito,Pichincha,B,6,0.26666668,336.0,0.8134796,grocery,3,0,0.98
9,BEAUTY,Quito,Pichincha,B,6,5.5157456,9283.0,0.027663331,grocery,3,0,0.98
9,BEVERAGES,Quito,Pichincha,B,6,2743.5508,4.617396e+06,0.002354326,grocery,2,0,0.98
9,BREAD/BAKERY,Quito,Pichincha,B,6,567.93823,955840.0,0.002354326,perishable,1,2,0.5
9,CELEBRATION,Quito,Pichincha,B,6,12.325247,16257.0,0.23146068,grocery,3,0,0.98
9,CLEANING,Quito,Pichincha,B,6,1722.7368,2.899366e+06,0.002354326,grocery,2,0,0.98
9,DAIRY,Quito,Pichincha,B,6,746.2418,1.255925e+06,0.002354326,perishable,1,5,0.5
9,DELI,Quito,Pichincha,B,6,584.9694,984503.56,0.002354326,perishable,1,3,0.5
9,EGGS,Quito,Pichincha,B,6,192.77719,324444.0,0.002354326,perishable,1,5,0.5
9,FROZEN FOODS,Quito,Pichincha,B,6,124.78618,210015.14,0.002354326,grocery,2,0,0.98
9,GROCERY I,Quito,Pichincha,B,6,6151.574,1.0353099e+07,0.002354326,grocery,2,0,0.98
9,GROCERY II,Quito,Pichincha,B,6,11.475936,19314.0,0.015891701,grocery,3,0,0.98
9,HARDWARE,Quito,Pichincha,B,6,1.8882283,3176.0,0.22084805,hardware,7,0,0.98
9,HOME AND KITCHEN I,Quito,Pichincha,B,6,42.369976,55886.0,0.11460674,hardware,7,0,0.98
9,HOME AND KITCHEN II,Quito,Pichincha,B,6,25.01668,32997.0,0.11460674,hardware,7,0,0.98
9,HOME APPLIANCES,Quito,Pichincha,B,6,0.3962941,663.0,0.7223209,hardware,7,0,0.98
9,HOME CARE,Quito,Pichincha,B,6,368.7483,486379.0,0.2059925,grocery,2,0,0.98
9,LADIESWEAR,Quito,Pichincha,B,6,12.098559,15958.0,0.22771536,hardware,7,0,0.98
9,LAWN AND GARDEN,Quito,Pichincha,B,6,4.216538,7088.0,0.14555097,hardware,7,0,0.98
9,LINGERIE,Quito,Pichincha,B,6,9.058229,15245.0,0.023543261,hardware,7,0,0.98
9,"LIQUOR,WINE,BEER",Quito,Pichincha,B,6,51.427807,86553.0,0.109476164,grocery,2,0,0.98
9,MAGAZINES,Quito,Pichincha,B,6,2.151118,2790.0,0.43945163,grocery,3,0,0.98
9,MEATS,Quito,Pichincha,B,6,377.1664,634771.06,0.002354326,perishable,1,3,0.5
9,PERSONAL CARE,Quito,Pichincha,B,6,443.631,746631.0,0.002354326,grocery,2,0,0.98
9,PET SUPPLIES,Quito,Pichincha,B,6,4.3184233,5696.0,0.25093633,grocery,3,0,0.98
9,PLAYERS AND ELECTRONICS,Quito,Pichincha,B,6,8.714935,11495.0,0.22771536,hardware,7,0,0.98
9,POULTRY,Quito,Pichincha,B,6,484.16788,814854.56,0.002354326,perishable,1,3,0.5
9,PREPARED FOODS,Quito,Pichincha,B,6,88.81516,149475.92,0.002354326,perishable,1,2,0.5
9,PRODUCE,Quito,Pichincha,B,6,1237.318,1.6320225e+06,0.22696629,perishable,1,4,0.5618265777321704
9,SCHOOL AND OFFICE SUPPLIES,Quito,Pichincha,B,6,7.7255497,10190.0,0.31310862,grocery,3,0,0.98
9,SEAFOOD,Quito,Pichincha,B,6,16.894426,28433.32,0.0064743967,perishable,1,2,0.5
10,AUTOMOTIVE,Quito,Pichincha,C,15,3.0849674,5192.0,0.11653914,hardware,7,0,0.98
10,BABY CARE,Quito,Pichincha,C,15,0.404741,461.0,0.84329003,grocery,3,0,0.98
10,BEAUTY,Quito,Pichincha,C,15,1.3737373,2312.0,0.31665686,grocery,3,0,0.98
10,BEVERAGES,Quito,Pichincha,C,15,895.62744,1.507341e+06,0.002354326,grocery,2,0,0.98
10,BREAD/BAKERY,Quito,Pichincha,C,15,113.73797,191421.0,0.002354326,perishable,1,2,0.5
10,CELEBRATION,Quito,Pichincha,C,15,3.3464746,4414.0,0.30411986,grocery,3,0,0.98
10,CLEANING,Quito,Pichincha,C,15,778.27094,1.30983e+06,0.002354326,grocery,2,0,0.98
10,DAIRY,Quito,Pichincha,C,15,251.07486,422559.0,0.002354326,perishable,1,5,0.5
10,DELI,Quito,Pichincha,C,15,249.32323,419611.0,0.002354326,perishable,1,3,0.5
10,EGGS,Quito,Pichincha,C,15,48.88057,82266.0,0.002354326,perishable,1,5,0.5
10,FROZEN FOODS,Quito,Pichincha,C,15,43.52832,73258.164,0.002354326,grocery,2,0,0.98
10,GROCERY I,Quito,Pichincha,C,15,2451.7053,4.1262202e+06,0.002354326,grocery,2,0,0.98
10,GROCERY II,Quito,Pichincha,C,15,3.701723,6230.0,0.19482048,grocery,3,0,0.98
10,HARDWARE,Quito,Pichincha,C,15,0.6838978,1151.0,0.57210124,hardware,7,0,0.98
10,HOME AND KITCHEN I,Quito,Pichincha,C,15,9.429113,12437.0,0.12808989,hardware,7,0,0.98
10,HOME AND KITCHEN II,Quito,Pichincha,C,15,6.88931,9087.0,0.13033707,hardware,7,0,0.98
10,HOME APPLIANCES,Quito,Pichincha,C,15,0.18181819,304.0,0.8329384,hardware,7,0,0.98
10,HOME CARE,Quito,Pichincha,C,15,152.80136,201545.0,0.2059925,grocery,2,0,0.98
10,LADIESWEAR,Quito,Pichincha,C,15,4.1622443,5490.0,0.3423221,hardware,7,0,0.98
10,LAWN AND GARDEN,Quito,Pichincha,C,15,0.025515212,26.0,0.9710145,hardware,7,0,0.98
10,LINGERIE,Quito,Pichincha,C,15,3.2400475,5453.0,0.23660977,hardware,7,0,0.98
10,"LIQUOR,WINE,BEER",Quito,Pichincha,C,15,12.1752825,20491.0,0.12007063,grocery,2,0,0.98
10,MAGAZINES,Quito,Pichincha,C,15,0.32200772,417.0,0.76201373,grocery,3,0,0.98
10,MEATS,Quito,Pichincha,C,15,186.97002,314670.53,0.002354326,perishable,1,3,0.5
10,PERSONAL CARE,Quito,Pichincha,C,15,178.71835,300783.0,0.002354326,grocery,2,0,0.98
10,PET SUPPLIES,Quito,Pichincha,C,15,0.42357415,557.0,0.7114951,grocery,3,0,0.98
10,PLAYERS AND ELECTRONICS,Quito,Pichincha,C,15,2.9605763,3905.0,0.26441947,hardware,7,0,0.98
10,POULTRY,Quito,Pichincha,C,15,175.25371,294952.0,0.002354326,perishable,1,3,0.5
10,PREPARED FOODS,Quito,Pichincha,C,15,20.84373,35080.0,0.002354326,perishable,1,2,0.5
10,PRODUCE,Quito,Pichincha,C,15,190.0977,250738.88,0.22696629,perishable,1,4,0.5618265777321704
10,SCHOOL AND OFFICE SUPPLIES,Quito,Pichincha,C,15,0.75795054,858.0,0.90592337,grocery,3,0,0.98
10,SEAFOOD,Quito,Pichincha,C,15,2.878788,4845.0,0.25544438,perishable,1,2,0.5
11,AUTOMOTIVE,Cayambe,Pichincha,B,6,6.693999,11266.0,0.020600352,hardware,7,0,0.98
11,BABY CARE,Cayambe,Pichincha,B,6,0.25583267,318.0,0.81334394,grocery,3,0,0.98
11,BEAUTY,Cayambe,Pichincha,B,6,4.7587643,8009.0,0.04296645,grocery,3,0,0.98
11,BEVERAGES,Cayambe,Pichincha,B,6,3647.833,6.139303e+06,0.002354326,grocery,2,0,0.98
11,BREAD/BAKERY,Cayambe,Pichincha,B,6,606.5918,1.020894e+06,0.002354326,perishable,1,2,0.5
11,CELEBRATION,Cayambe,Pichincha,B,6,12.943897,17073.0,0.22696629,grocery,3,0,0.98
11,CLEANING,Cayambe,Pichincha,B,6,1945.208,3.273785e+06,0.002354326,grocery,2,0,0.98
11,DAIRY,Cayambe,Pichincha,B,6,513.1836,863688.0,0.002354326,perishable,1,5,0.5
11,DELI,Cayambe,Pichincha,B,6,430.52332,724570.75,0.002354326,perishable,1,3,0.5
11,EGGS,Cayambe,Pichincha,B,6,157.60666,265252.0,0.002354326,perishable,1,5,0.5
11,FROZEN FOODS,Cayambe,Pichincha,B,6,102.31242,172191.81,0.0029429076,grocery,2,0,0.98
11,GROCERY I,Cayambe,Pichincha,B,6,6562.655,1.1044948e+07,0.002354326,grocery,2,0,0.98
11,GROCERY II,Cayambe,Pichincha,B,6,17.467617,29398.0,0.007062978,grocery,3,0,0.98
11,HARDWARE,Cayambe,Pichincha,B,6,0.73143196,1231.0,0.54384935,hardware,7,0,0.98
11,HOME AND KITCHEN I,Cayambe,Pichincha,B,6,30.024261,39602.0,0.11460674,hardware,7,0,0.98
11,HOME AND KITCHEN II,Cayambe,Pichincha,B,6,17.74602,23407.0,0.11460674,hardware,7,0,0.98
11,HOME APPLIANCES,Cayambe,Pichincha,B,6,0.42014742,684.0,0.68248177,hardware,7,0,0.98
11,HOME CARE,Cayambe,Pichincha,B,6,420.64368,554829.0,0.2059925,grocery,2,0,0.98
11,LADIESWEAR,Cayambe,Pichincha,B,6,10.015922,13211.0,0.22921348,hardware,7,0,0.98
11,LAWN AND GARDEN,Cayambe,Pichincha,B,6,1.6410714,2757.0,0.38679245,hardware,7,0,0.98
11,LINGERIE,Cayambe,Pichincha,B,6,11.002377,18517.0,0.0076515595,hardware,7,0,0.98
11,"LIQUOR,WINE,BEER",Cayambe,Pichincha,B,6,44.248367,74470.0,0.10888758,grocery,2,0,0.98
11,MAGAZINES,Cayambe,Pichincha,B,6,1.8885496,2474.0,0.4524887,grocery,3,0,0.98
11,MEATS,Cayambe,Pichincha,B,6,620.96686,1.04508725e+06,0.002354326,perishable,1,3,0.5
11,PERSONAL CARE,Cayambe,Pichincha,B,6,392.32678,660286.0,0.002354326,grocery,2,0,0.98
11,PET SUPPLIES,Cayambe,Pichincha,B,6,1.2896134,1701.0,0.4284644,grocery,3,0,0.98
11,PLAYERS AND ELECTRONICS,Cayambe,Pichincha,B,6,9.910539,13072.0,0.22696629,hardware,7,0,0.98
11,POULTRY,Cayambe,Pichincha,B,6,511.33118,860570.4,0.002354326,perishable,1,3,0.5
11,PREPARED FOODS,Cayambe,Pichincha,B,6,54.92246,92434.5,0.002354326,perishable,1,2,0.5
11,PRODUCE,Cayambe,Pichincha,B,6,1008.22546,1.3298494e+06,0.22696629,perishable,1,4,0.5618265777321704
11,SCHOOL AND OFFICE SUPPLIES,Cayambe,Pichincha,B,6,5.0822544,6673.0,0.29345372,grocery,3,0,0.98
11,SEAFOOD,Cayambe,Pichincha,B,6,8.322044,14006.0,0.044143613,perishable,1,2,0.5
12,AUTOMOTIVE,Latacunga,Cotopaxi,C,15,4.755793,8004.0,0.07062978,hardware,7,0,0.98
12,BABY CARE,Latacunga,Cotopaxi,C,15,0.32427537,179.0,0.7394366,grocery,3,0,0.98
12,BEAUTY,Latacunga,Cotopaxi,C,15,0.96732026,1628.0,0.43084168,grocery,3,0,0.98
12,BEVERAGES,Latacunga,Cotopaxi,C,15,1297.2205,2.183222e+06,0.037669215,grocery,2,0,0.98
12,BREAD/BAKERY,Latacunga,Cotopaxi,C,15,186.6322,314102.0,0.037669215,perishable,1,2,0.5
12,CELEBRATION,Latacunga,Cotopaxi,C,15,7.8423047,10344.0,0.23071161,grocery,3,0,0.98
12,CLEANING,Latacunga,Cotopaxi,C,15,772.2561,1.299707e+06,0.037669215,grocery,2,0,0.98
12,DAIRY,Latacunga,Cotopaxi,C,15,335.59595,564808.0,0.037669215,perishable,1,5,0.5
12,DELI,Latacunga,Cotopaxi,C,15,196.6833,331018.0,0.037669215,perishable,1,3,0.5
12,EGGS,Latacunga,Cotopaxi,C,15,74.99525,126217.0,0.037669215,perishable,1,5,0.5
12,FROZEN FOODS,Latacunga,Cotopaxi,C,15,47.65071,80196.15,0.037669215,grocery,2,0,0.98
12,GROCERY I,Latacunga,Cotopaxi,C,15,2500.6084,4.208524e+06,0.037669215,grocery,2,0,0.98
12,GROCERY II,Latacunga,Cotopaxi,C,15,6.348782,10685.0,0.110064745,grocery,3,0,0.98
12,HARDWARE,Latacunga,Cotopaxi,C,15,0.979786,1648.0,0.45700824,hardware,7,0,0.98
12,HOME AND KITCHEN I,Latacunga,Cotopaxi,C,15,13.179682,17384.0,0.16179775,hardware,7,0,0.98
12,HOME AND KITCHEN II,Latacunga,Cotopaxi,C,15,10.677028,14083.0,0.1610487,hardware,7,0,0.98
12,HOME APPLIANCES,Latacunga,Cotopaxi,C,15,0.23503466,373.0,0.80411726,hardware,7,0,0.98
12,HOME CARE,Latacunga,Cotopaxi,C,15,143.82108,189700.0,0.2247191,grocery,2,0,0.98
12,LADIESWEAR,Latacunga,Cotopaxi,C,15,1.6557999,2184.0,0.764794,hardware,7,0,0.98
12,LAWN AND GARDEN,Latacunga,Cotopaxi,C,15,0.013422819,16.0,0.9826159,hardware,7,0,0.98
12,LINGERIE,Latacunga,Cotopaxi,C,15,6.473559,10895.0,0.09829311,hardware,7,0,0.98
12,"LIQUOR,WINE,BEER",Latacunga,Cotopaxi,C,15,38.34997,64543.0,0.1400824,grocery,2,0,0.98
12,MAGAZINES,Latacunga,Cotopaxi,C,15,0.9699538,1259.0,0.542618,grocery,3,0,0.98
12,MEATS,Latacunga,Cotopaxi,C,15,146.6166,246755.73,0.037669215,perishable,1,3,0.5
12,PERSONAL CARE,Latacunga,Cotopaxi,C,15,155.78906,262193.0,0.037669215,grocery,2,0,0.98
12,PET SUPPLIES,Latacunga,Cotopaxi,C,15,0.6611069,872.0,0.5857678,grocery,3,0,0.98
12,PLAYERS AND ELECTRONICS,Latacunga,Cotopaxi,C,15,3.7602427,4956.0,0.25937033,hardware,7,0,0.98
12,POULTRY,Latacunga,Cotopaxi,C,15,178.34523,300155.03,0.037669215,perishable,1,3,0.5
12,PREPARED FOODS,Latacunga,Cotopaxi,C,15,33.28996,56027.0,0.037669215,perishable,1,2,0.5
12,PRODUCE,Latacunga,Cotopaxi,C,15,259.32156,342045.12,0.22696629,perishable,1,4,0.5618265777321704
12,SCHOOL AND OFFICE SUPPLIES,Latacunga,Cotopaxi,C,15,0.8095238,918.0,0.8078261,grocery,3,0,0.98
12,SEAFOOD,Latacunga,Cotopaxi,C,15,2.7195485,4577.0,0.2954679,perishable,1,2,0.5
13,AUTOMOTIVE,Latacunga,Cotopaxi,C,15,5.5276294,9303.0,0.025309006,hardware,7,0,0.98
13,BEAUTY,Latacunga,Cotopaxi,C,15,1.2822341,2158.0,0.3466745,grocery,3,0,0.98
13,BEVERAGES,Latacunga,Cotopaxi,C,15,1291.322,2.173295e+06,0.002354326,grocery,2,0,0.98
13,BREAD/BAKERY,Latacunga,Cotopaxi,C,15,164.72192,277227.0,0.002354326,perishable,1,2,0.5
13,CELEBRATION,Latacunga,Cotopaxi,C,15,5.242608,6915.0,0.2576779,grocery,3,0,0.98
13,CLEANING,Latacunga,Cotopaxi,C,15,780.1581,1.313006e+06,0.002354326,grocery,2,0,0.98
13,DAIRY,Latacunga,Cotopaxi,C,15,270.01782,454440.0,0.002354326,perishable,1,5,0.5
13,DELI,Latacunga,Cotopaxi,C,15,158.66072,267026.0,0.002354326,perishable,1,3,0.5
13,EGGS,Latacunga,Cotopaxi,C,15,52.26619,87964.0,0.002354326,perishable,1,5,0.5
13,FROZEN FOODS,Latacunga,Cotopaxi,C,15,33.289883,56026.875,0.002354326,grocery,2,0,0.98
13,GROCERY I,Latacunga,Cotopaxi,C,15,2715.4373,4.570081e+06,0.002354326,grocery,2,0,0.98
13,GROCERY II,Latacunga,Cotopaxi,C,15,7.3018417,12289.0,0.0924073,grocery,3,0,0.98
13,HARDWARE,Latacunga,Cotopaxi,C,15,0.53690475,902.0,0.6839623,hardware,7,0,0.98
13,HOME AND KITCHEN I,Latacunga,Cotopaxi,C,15,13.630781,17979.0,0.12284644,hardware,7,0,0.98
13,HOME AND KITCHEN II,Latacunga,Cotopaxi,C,15,10.3116,13601.0,0.115355805,hardware,7,0,0.98
13,HOME APPLIANCES,Latacunga,Cotopaxi,C,15,0.1605166,261.0,0.85261875,hardware,7,0,0.98
13,HOME CARE,Latacunga,Cotopaxi,C,15,136.55496,180116.0,0.2059925,grocery,2,0,0.98
13,LADIESWEAR,Latacunga,Cotopaxi,C,15,3.4685369,4575.0,0.3220974,hardware,7,0,0.98
13,LAWN AND GARDEN,Latacunga,Cotopaxi,C,15,0.017632242,21.0,0.9792875,hardware,7,0,0.98
13,LINGERIE,Latacunga,Cotopaxi,C,15,3.0653596,5159.0,0.20306063,hardware,7,0,0.98
13,"LIQUOR,WINE,BEER",Latacunga,Cotopaxi,C,15,32.300655,54362.0,0.109476164,grocery,2,0,0.98
13,MAGAZINES,Latacunga,Cotopaxi,C,15,0.58980215,775.0,0.6571429,grocery,3,0,0.98
13,MEATS,Latacunga,Cotopaxi,C,15,153.3165,258031.66,0.002354326,perishable,1,3,0.5
13,PERSONAL CARE,Latacunga,Cotopaxi,C,15,180.25609,303371.0,0.002354326,grocery,2,0,0.98
13,PET SUPPLIES,Latacunga,Cotopaxi,C,15,0.30898023,406.0,0.76165414,grocery,3,0,0.98
13,PLAYERS AND ELECTRONICS,Latacunga,Cotopaxi,C,15,3.0326004,4000.0,0.27715355,hardware,7,0,0.98
13,POULTRY,Latacunga,Cotopaxi,C,15,118.63833,199668.31,0.002354326,perishable,1,3,0.5
13,PREPARED FOODS,Latacunga,Cotopaxi,C,15,27.600714,46452.0,0.002354326,perishable,1,2,0.5
13,PRODUCE,Latacunga,Cotopaxi,C,15,151.26778,199522.2,0.22696629,perishable,1,4,0.5618265777321704
13,SCHOOL AND OFFICE SUPPLIES,Latacunga,Cotopaxi,C,15,0.62247586,709.0,0.851948,grocery,3,0,0.98
13,SEAFOOD,Latacunga,Cotopaxi,C,15,2.0225787,3404.0,0.36727488,perishable,1,2,0.5
14,AUTOMOTIVE,Riobamba,Chimborazo,C,7,3.6203208,6093.0,0.118304886,hardware,7,0,0.98
14,BABY CARE,Riobamba,Chimborazo,C,7,0.023706896,11.0,0.95,grocery,3,0,0.98
14,BEAUTY,Riobamba,Chimborazo,C,7,1.2697564,2137.0,0.4208358,grocery,3,0,0.98
14,BEVERAGES,Riobamba,Chimborazo,C,7,963.9091,1.622259e+06,0.024720423,grocery,2,0,0.98
14,BREAD/BAKERY,Riobamba,Chimborazo,C,7,191.85443,322891.0,0.024720423,perishable,1,2,0.5
14,CELEBRATION,Riobamba,Chimborazo,C,7,5.968158,7872.0,0.25018728,grocery,3,0,0.98
14,CLEANING,Riobamba,Chimborazo,C,7,1092.3981,1.838506e+06,0.024720423,grocery,2,0,0.98
14,DAIRY,Riobamba,Chimborazo,C,7,351.97446,592373.0,0.024720423,perishable,1,5,0.5
14,DELI,Riobamba,Chimborazo,C,7,220.53238,371156.0,0.024720423,perishable,1,3,0.5
14,EGGS,Riobamba,Chimborazo,C,7,37.634583,63339.0,0.024720423,perishable,1,5,0.5
14,FROZEN FOODS,Riobamba,Chimborazo,C,7,61.62492,103714.74,0.024720423,grocery,2,0,0.98
14,GROCERY I,Riobamba,Chimborazo,C,7,2651.9937,4.4633055e+06,0.024720423,grocery,2,0,0.98
14,GROCERY II,Riobamba,Chimborazo,C,7,6.0831847,10238.0,0.110653326,grocery,3,0,0.98
14,HARDWARE,Riobamba,Chimborazo,C,7,0.34048897,571.0,0.74896634,hardware,7,0,0.98
14,HOME AND KITCHEN I,Riobamba,Chimborazo,C,7,15.585292,20557.0,0.12584269,hardware,7,0,0.98
14,HOME AND KITCHEN II,Riobamba,Chimborazo,C,7,15.81956,20866.0,0.12209738,hardware,7,0,0.98
14,HOME APPLIANCES,Riobamba,Chimborazo,C,7,0.20160791,326.0,0.81812614,hardware,7,0,0.98
14,HOME CARE,Riobamba,Chimborazo,C,7,196.30174,258922.0,0.21348314,grocery,2,0,0.98
14,LADIESWEAR,Riobamba,Chimborazo,C,7,1.227445,1619.0,0.8674157,hardware,7,0,0.98
14,LINGERIE,Riobamba,Chimborazo,C,7,4.7528224,7999.0,0.12713361,hardware,7,0,0.98
14,"LIQUOR,WINE,BEER",Riobamba,Chimborazo,C,7,25.240047,42479.0,0.12831077,grocery,2,0,0.98
14,MAGAZINES,Riobamba,Chimborazo,C,7,1.037037,1344.0,0.5121951,grocery,3,0,0.98
14,MEATS,Riobamba,Chimborazo,C,7,301.05185,506670.25,0.024720423,perishable,1,3,0.5
14,PERSONAL CARE,Riobamba,Chimborazo,C,7,274.8461,462566.0,0.024720423,grocery,2,0,0.98
14,PET SUPPLIES,Riobamba,Chimborazo,C,7,0.56330556,743.0,0.62996256,grocery,3,0,0.98
14,PLAYERS AND ELECTRONICS,Riobamba,Chimborazo,C,7,3.8134952,5030.0,0.2599251,hardware,7,0,0.98
14,POULTRY,Riobamba,Chimborazo,C,7,94.86799,159662.83,0.025309006,perishable,1,3,0.5
14,PREPARED FOODS,Riobamba,Chimborazo,C,7,60.705883,102168.0,0.024720423,perishable,1,2,0.5
14,PRODUCE,Riobamba,Chimborazo,C,7,291.6546,384692.44,0.23445693,perishable,1,4,0.5618265777321704
14,SCHOOL AND OFFICE SUPPLIES,Riobamba,Chimborazo,C,7,0.492511,559.0,0.8496959,grocery,3,0,0.98
14,SEAFOOD,Riobamba,Chimborazo,C,7,4.3071895,7249.0,0.21777517,perishable,1,2,0.5
15,AUTOMOTIVE,Ibarra,Imbabura,C,15,2.6856804,4520.0,0.133608,hardware,7,0,0.98
15,BABY CARE,Ibarra,Imbabura,C,15,1.3871818,1580.0,0.5082251,grocery,3,0,0.98
15,BEAUTY,Ibarra,Imbabura,C,15,1.9304813,3249.0,0.22366098,grocery,3,0,0.98
15,BEVERAGES,Ibarra,Imbabura,C,15,1237.3885,2.082525e+06,0.002354326,grocery,2,0,0.98
15,BREAD/BAKERY,Ibarra,Imbabura,C,15,152.92989,257381.0,0.002354326,perishable,1,2,0.5
15,CELEBRATION,Ibarra,Imbabura,C,15,3.8544352,5084.0,0.3011236,grocery,3,0,0.98
15,CLEANING,Ibarra,Imbabura,C,15,873.2222,1.469633e+06,0.002354326,grocery,2,0,0.98
15,DAIRY,Ibarra,Imbabura,C,15,302.59775,509272.0,0.002354326,perishable,1,5,0.5
15,DELI,Ibarra,Imbabura,C,15,271.20618,456440.0,0.002354326,perishable,1,3,0.5
15,EGGS,Ibarra,Imbabura,C,15,78.65954,132384.0,0.002354326,perishable,1,5,0.5
15,FROZEN FOODS,Ibarra,Imbabura,C,15,64.10094,107881.88,0.002354326,grocery,2,0,0.98
15,GROCERY I,Ibarra,Imbabura,C,15,2720.2744,4.578222e+06,0.002354326,grocery,2,0,0.98
15,GROCERY II,Ibarra,Imbabura,C,15,9.675579,16284.0,0.052972335,grocery,3,0,0.98
15,HARDWARE,Ibarra,Imbabura,C,15,0.9144385,1539.0,0.45968217,hardware,7,0,0.98
15,HOME AND KITCHEN I,Ibarra,Imbabura,C,15,37.6884,49711.0,0.11460674,hardware,7,0,0.98
15,HOME AND KITCHEN II,Ibarra,Imbabura,C,15,13.326763,17578.0,0.11910112,hardware,7,0,0.98
15,HOME APPLIANCES,Ibarra,Imbabura,C,15,0.11593341,195.0,0.8892815,hardware,7,0,0.98
15,HOME CARE,Ibarra,Imbabura,C,15,187.57771,247415.0,0.2059925,grocery,2,0,0.98
15,LADIESWEAR,Ibarra,Imbabura,C,15,7.191054,9485.0,0.2554307,hardware,7,0,0.98
15,LAWN AND GARDEN,Ibarra,Imbabura,C,15,0.012594459,15.0,0.9842585,hardware,7,0,0.98
15,LINGERIE,Ibarra,Imbabura,C,15,4.718954,7942.0,0.07828134,hardware,7,0,0.98
15,"LIQUOR,WINE,BEER",Ibarra,Imbabura,C,15,24.669043,41518.0,0.10888758,grocery,2,0,0.98
15,MAGAZINES,Ibarra,Imbabura,C,15,0.97301465,1262.0,0.5445545,grocery,3,0,0.98
15,MEATS,Ibarra,Imbabura,C,15,125.81489,211746.45,0.002354326,perishable,1,3,0.5
15,PERSONAL CARE,Ibarra,Imbabura,C,15,181.54308,305537.0,0.002354326,grocery,2,0,0.98
15,PET SUPPLIES,Ibarra,Imbabura,C,15,0.51336896,672.0,0.6679245,grocery,3,0,0.98
15,PLAYERS AND ELECTRONICS,Ibarra,Imbabura,C,15,3.4063685,4493.0,0.26067415,hardware,7,0,0.98
15,POULTRY,Ibarra,Imbabura,C,15,124.797775,209909.86,0.0029446408,perishable,1,3,0.5
15,PREPARED FOODS,Ibarra,Imbabura,C,15,30.882948,51976.0,0.002354326,perishable,1,2,0.5
15,PRODUCE,Ibarra,Imbabura,C,15,497.54868,656266.7,0.22696629,perishable,1,4,0.5618265777321704
15,SCHOOL AND OFFICE SUPPLIES,Ibarra,Imbabura,C,15,0.6390845,726.0,0.9019097,grocery,3,0,0.98
15,SEAFOOD,Ibarra,Imbabura,C,15,5.244801,8827.0,0.101824604,perishable,1,2,0.5
16,AUTOMOTIVE,Santo Domingo,Santo Domingo de los Tsachilas,C,3,5.756387,9688.0,0.027663331,hardware,7,0,0.98
16,BABY CARE,Santo Domingo,Santo Domingo de los Tsachilas,C,3,0.1520693,158.0,0.885308,grocery,3,0,0.98
16,BEAUTY,Santo Domingo,Santo Domingo de los Tsachilas,C,3,0.8745541,1471.0,0.52120143,grocery,3,0,0.98
16,BEVERAGES,Santo Domingo,Santo Domingo de los Tsachilas,C,3,1084.8889,1.825868e+06,0.002354326,grocery,2,0,0.98
16,BREAD/BAKERY,Santo Domingo,Santo Domingo de los Tsachilas,C,3,202.06418,340074.0,0.002354326,perishable,1,2,0.5
16,CELEBRATION,Santo Domingo,Santo Domingo de los Tsachilas,C,3,4.6156178,6088.0,0.25692883,grocery,3,0,0.98
16,CLEANING,Santo Domingo,Santo Domingo de los Tsachilas,C,3,1002.37787,1.687002e+06,0.002354326,grocery,2,0,0.98
16,DAIRY,Santo Domingo,Santo Domingo de los Tsachilas,C,3,244.85739,412095.0,0.002354326,perishable,1,5,0.5
16,DELI,Santo Domingo,Santo Domingo de los Tsachilas,C,3,214.09091,360315.0,0.002354326,perishable,1,3,0.5
16,EGGS,Santo Domingo,Santo Domingo de los Tsachilas,C,3,177.95602,299500.0,0.002354326,perishable,1,5,0.5
16,FROZEN FOODS,Santo Domingo,Santo Domingo de los Tsachilas,C,3,41.609867,70029.41,0.002354326,grocery,2,0,0.98
16,GROCERY I,Santo Domingo,Santo Domingo de los Tsachilas,C,3,2559.2822,4.307272e+06,0.002354326,grocery,2,0,0.98
16,GROCERY II,Santo Domingo,Santo Domingo de los Tsachilas,C,3,5.912656,9951.0,0.095350206,grocery,3,0,0.98
16,HARDWARE,Santo Domingo,Santo Domingo de los Tsachilas,C,3,0.59274673,997.0,0.6201413,hardware,7,0,0.98
16,HOME AND KITCHEN I,Santo Domingo,Santo Domingo de los Tsachilas,C,3,16.041698,21159.0,0.115355805,hardware,7,0,0.98
16,HOME AND KITCHEN II,Santo Domingo,Santo Domingo de los Tsachilas,C,3,9.915087,13078.0,0.117603,hardware,7,0,0.98
16,HOME APPLIANCES,Santo Domingo,Santo Domingo de los Tsachilas,C,3,0.12559809,210.0,0.87973934,hardware,7,0,0.98
16,HOME CARE,Santo Domingo,Santo Domingo de los Tsachilas,C,3,171.40941,226089.0,0.2059925,grocery,2,0,0.98
16,LAWN AND GARDEN,Santo Domingo,Santo Domingo de los Tsachilas,C,3,0.026496565,27.0,0.973913,hardware,7,0,0.98
16,LINGERIE,Santo Domingo,Santo Domingo de los Tsachilas,C,3,3.929293,6613.0,0.18304886,hardware,7,0,0.98
16,"LIQUOR,WINE,BEER",Santo Domingo,Santo Domingo de los Tsachilas,C,3,35.9287,60468.0,0.110064745,grocery,2,0,0.98
16,MAGAZINES,Santo Domingo,Santo Domingo de los Tsachilas,C,3,0.7494253,978.0,0.57910675,grocery,3,0,0.98
16,MEATS,Santo Domingo,Santo Domingo de los Tsachilas,C,3,76.414604,128605.77,0.002354326,perishable,1,3,0.5
16,PERSONAL CARE,Santo Domingo,Santo Domingo de los Tsachilas,C,3,197.19489,331879.0,0.002354326,grocery,2,0,0.98
16,PET SUPPLIES,Santo Domingo,Santo Domingo de los Tsachilas,C,3,0.34594595,448.0,0.7818459,grocery,3,0,0.98
16,PLAYERS AND ELECTRONICS,Santo Domingo,Santo Domingo de los Tsachilas,C,3,2.4950721,3291.0,0.30262172,hardware,7,0,0.98
16,POULTRY,Santo Domingo,Santo Domingo de los Tsachilas,C,3,94.28142,158675.62,0.003531489,perishable,1,3,0.5
16,PREPARED FOODS,Santo Domingo,Santo Domingo de los Tsachilas,C,3,41.818775,70381.0,0.0029429076,perishable,1,2,0.5
16,PRODUCE,Santo Domingo,Santo Domingo de los Tsachilas,C,3,475.34686,626982.5,0.22696629,perishable,1,4,0.5618265777321704
16,SCHOOL AND OFFICE SUPPLIES,Santo Domingo,Santo Domingo de los Tsachilas,C,3,3.1335113,2347.0,0.82222223,grocery,3,0,0.98
16,SEAFOOD,Santo Domingo,Santo Domingo de los Tsachilas,C,3,2.7759953,4672.0,0.23955268,perishable,1,2,0.5
17,AUTOMOTIVE,Quito,Pichincha,C,12,6.1122994,10287.0,0.047675103,hardware,7,0,0.98
17,BABY CARE,Quito,Pichincha,C,12,0.36402267,257.0,0.74515235,grocery,3,0,0.98
17,BEAUTY,Quito,Pichincha,C,12,1.8342246,3087.0,0.29075927,grocery,3,0,0.98
17,BEVERAGES,Quito,Pichincha,C,12,2403.899,4.045762e+06,0.003531489,grocery,2,0,0.98
17,BREAD/BAKERY,Quito,Pichincha,C,12,252.4795,424923.0,0.003531489,perishable,1,2,0.5
17,CELEBRATION,Quito,Pichincha,C,12,5.953753,7853.0,0.24868914,grocery,3,0,0.98
17,CLEANING,Quito,Pichincha,C,12,1067.2965,1.79626e+06,0.003531489,grocery,2,0,0.98
17,DAIRY,Quito,Pichincha,C,12,545.81104,918600.0,0.003531489,perishable,1,5,0.5
17,DELI,Quito,Pichincha,C,12,424.37613,714225.0,0.003531489,perishable,1,3,0.5
17,EGGS,Quito,Pichincha,C,12,180.77124,304238.0,0.003531489,perishable,1,5,0.5
17,FROZEN FOODS,Quito,Pichincha,C,12,96.30037,162073.52,0.003531489,grocery,2,0,0.98
17,GROCERY I,Quito,Pichincha,C,12,3834.6018,6.453635e+06,0.003531489,grocery,2,0,0.98
17,GROCERY II,Quito,Pichincha,C,12,8.212121,13821.0,0.049440846,grocery,3,0,0.98
17,HARDWARE,Quito,Pichincha,C,12,0.73840666,1242.0,0.5765607,hardware,7,0,0.98
17,HOME AND KITCHEN I,Quito,Pichincha,C,12,21.616377,28512.0,0.11835206,hardware,7,0,0.98
17,HOME AND KITCHEN II,Quito,Pichincha,C,12,20.05383,26451.0,0.117603,hardware,7,0,0.98
17,HOME APPLIANCES,Quito,Pichincha,C,12,0.17440476,293.0,0.8590802,hardware,7,0,0.98
17,HOME CARE,Quito,Pichincha,C,12,242.13116,319371.0,0.20749064,grocery,2,0,0.98
17,LADIESWEAR,Quito,Pichincha,C,12,2.4373577,3210.0,0.59339833,hardware,7,0,0.98
17,LAWN AND GARDEN,Quito,Pichincha,C,12,0.17351216,207.0,0.95368075,hardware,7,0,0.98
17,LINGERIE,Quito,Pichincha,C,12,5.3208556,8955.0,0.10712183,hardware,7,0,0.98
17,"LIQUOR,WINE,BEER",Quito,Pichincha,C,12,39.070705,65756.0,0.109476164,grocery,2,0,0.98
17,MAGAZINES,Quito,Pichincha,C,12,1.6421947,2125.0,0.48091602,grocery,3,0,0.98
17,MEATS,Quito,Pichincha,C,12,253.0144,425823.25,0.003531489,perishable,1,3,0.5
17,PERSONAL CARE,Quito,Pichincha,C,12,228.4694,384514.0,0.003531489,grocery,2,0,0.98
17,PET SUPPLIES,Quito,Pichincha,C,12,1.2911296,1703.0,0.47790262,grocery,3,0,0.98
17,PLAYERS AND ELECTRONICS,Quito,Pichincha,C,12,6.5572405,8649.0,0.23595506,hardware,7,0,0.98
17,POULTRY,Quito,Pichincha,C,12,301.17468,506877.0,0.003531489,perishable,1,3,0.5
17,PREPARED FOODS,Quito,Pichincha,C,12,65.333336,109956.0,0.003531489,perishable,1,2,0.5
17,PRODUCE,Quito,Pichincha,C,12,957.2425,1.2626029e+06,0.22846442,perishable,1,4,0.5618265777321704
17,SCHOOL AND OFFICE SUPPLIES,Quito,Pichincha,C,12,0.8619173,980.0,0.8083261,grocery,3,0,0.98
17,SEAFOOD,Quito,Pichincha,C,12,11.12327,18720.463,0.08298999,perishable,1,2,0.5
18,AUTOMOTIVE,Quito,Pichincha,B,16,3.8098633,6412.0,0.14125957,hardware,7,0,0.98
18,BABY CARE,Quito,Pichincha,B,16,0.13243458,167.0,0.90054816,grocery,3,0,0.98
18,BEAUTY,Quito,Pichincha,B,16,2.0005941,3367.0,0.26486167,grocery,3,0,0.98
18,BEVERAGES,Quito,Pichincha,B,16,1645.7327,2.769768e+06,0.06768688,grocery,2,0,0.98
18,BREAD/BAKERY,Quito,Pichincha,B,16,659.3854,1.1097456e+06,0.06709829,perishable,1,2,0.5
18,CELEBRATION,Quito,Pichincha,B,16,5.9575434,7858.0,0.33258426,grocery,3,0,0.98
18,CLEANING,Quito,Pichincha,B,16,600.6066,1.010821e+06,0.06709829,grocery,2,0,0.98
18,DAIRY,Quito,Pichincha,B,16,473.57278,797023.0,0.06709829,perishable,1,5,0.5
18,DELI,Quito,Pichincha,B,16,205.18033,345318.5,0.06709829,perishable,1,3,0.5
18,EGGS,Quito,Pichincha,B,16,161.58229,271943.0,0.06709829,perishable,1,5,0.5
18,FROZEN FOODS,Quito,Pichincha,B,16,56.764996,95535.484,0.06709829,grocery,2,0,0.98
18,GROCERY I,Quito,Pichincha,B,16,2459.1143,4.1386892e+06,0.06709829,grocery,2,0,0.98
18,GROCERY II,Quito,Pichincha,B,16,16.646465,28016.0,0.06886404,grocery,3,0,0.98
18,HARDWARE,Quito,Pichincha,B,16,0.93210244,1565.0,0.5168142,hardware,7,0,0.98
18,HOME AND KITCHEN I,Quito,Pichincha,B,16,18.335861,24185.0,0.19925094,hardware,7,0,0.98
18,HOME AND KITCHEN II,Quito,Pichincha,B,16,10.72555,14147.0,0.19700375,hardware,7,0,0.98
18,HOME APPLIANCES,Quito,Pichincha,B,16,0.17251636,290.0,0.8556276,hardware,7,0,0.98
18,HOME CARE,Quito,Pichincha,B,16,139.01744,183364.0,0.2883895,grocery,2,0,0.98
18,LADIESWEAR,Quito,Pichincha,B,16,8.015163,10572.0,0.32059926,hardware,7,0,0.98
18,LAWN AND GARDEN,Quito,Pichincha,B,16,1.4144305,2372.0,0.5705848,hardware,7,0,0.98
18,LINGERIE,Quito,Pichincha,B,16,4.372549,7359.0,0.15950559,hardware,7,0,0.98
18,"LIQUOR,WINE,BEER",Quito,Pichincha,B,16,57.03684,95993.0,0.17422013,grocery,2,0,0.98
18,MAGAZINES,Quito,Pichincha,B,16,1.5023148,1947.0,0.51295733,grocery,3,0,0.98
18,MEATS,Quito,Pichincha,B,16,98.72261,166150.16,0.06709829,perishable,1,3,0.5
18,PERSONAL CARE,Quito,Pichincha,B,16,149.37968,251406.0,0.06709829,grocery,2,0,0.98
18,PET SUPPLIES,Quito,Pichincha,B,16,2.349507,3099.0,0.35955057,grocery,3,0,0.98
18,PLAYERS AND ELECTRONICS,Quito,Pichincha,B,16,5.489007,7240.0,0.31610486,hardware,7,0,0.98
18,POULTRY,Quito,Pichincha,B,16,194.62529,327554.38,0.06709829,perishable,1,3,0.5
18,PREPARED FOODS,Quito,Pichincha,B,16,49.9695,84098.67,0.06768688,perishable,1,2,0.5
18,PRODUCE,Quito,Pichincha,B,16,1117.7689,1.4743372e+06,0.3093633,perishable,1,4,0.5618265777321704
18,SCHOOL AND OFFICE SUPPLIES,Quito,Pichincha,B,16,2.4755726,3243.0,0.58220214,grocery,3,0,0.98
18,SEAFOOD,Quito,Pichincha,B,16,9.381604,15789.24,0.080047086,perishable,1,2,0.5
19,AUTOMOTIVE,Guaranda,Bolivar,C,15,6.5519905,11027.0,0.02295468,hardware,7,0,0.98
19,BABY CARE,Guaranda,Bolivar,C,15,0.26560426,200.0,0.80754226,grocery,3,0,0.98
19,BEAUTY,Guaranda,Bolivar,C,15,1.6066548,2704.0,0.27663332,grocery,3,0,0.98
19,BEVERAGES,Guaranda,Bolivar,C,15,1958.924,3.296869e+06,0.002354326,grocery,2,0,0.98
19,BREAD/BAKERY,Guaranda,Bolivar,C,15,180.1135,303131.0,0.002354326,perishable,1,2,0.5
19,CELEBRATION,Guaranda,Bolivar,C,15,6.717968,8861.0,0.23670413,grocery,3,0,0.98
19,CLEANING,Guaranda,Bolivar,C,15,927.76117,1.561422e+06,0.002354326,grocery,2,0,0.98
19,DAIRY,Guaranda,Bolivar,C,15,289.64526,487473.0,0.002354326,perishable,1,5,0.5
19,DELI,Guaranda,Bolivar,C,15,274.0428,461214.0,0.002354326,perishable,1,3,0.5
19,EGGS,Guaranda,Bolivar,C,15,64.90315,109232.0,0.002354326,perishable,1,5,0.5
19,FROZEN FOODS,Guaranda,Bolivar,C,15,61.048527,102744.67,0.003531489,grocery,2,0,0.98
19,GROCERY I,Guaranda,Bolivar,C,15,3021.781,5.0856575e+06,0.002354326,grocery,2,0,0.98
19,GROCERY II,Guaranda,Bolivar,C,15,9.877006,16623.0,0.040612124,grocery,3,0,0.98
19,HARDWARE,Guaranda,Bolivar,C,15,1.2835909,2159.0,0.36749116,hardware,7,0,0.98
19,HOME AND KITCHEN I,Guaranda,Bolivar,C,15,18.109932,23887.0,0.117603,hardware,7,0,0.98
19,HOME AND KITCHEN II,Guaranda,Bolivar,C,15,10.872631,14341.0,0.11835206,hardware,7,0,0.98
19,HOME APPLIANCES,Guaranda,Bolivar,C,15,0.16809817,274.0,0.8475091,hardware,7,0,0.98
19,HOME CARE,Guaranda,Bolivar,C,15,159.86581,210863.0,0.2059925,grocery,2,0,0.98
19,LADIESWEAR,Guaranda,Bolivar,C,15,6.7391963,8889.0,0.2576779,hardware,7,0,0.98
19,LAWN AND GARDEN,Guaranda,Bolivar,C,15,0.026522594,27.0,0.98065764,hardware,7,0,0.98
19,LINGERIE,Guaranda,Bolivar,C,15,4.4361258,7466.0,0.11183049,hardware,7,0,0.98
19,"LIQUOR,WINE,BEER",Guaranda,Bolivar,C,15,33.77956,56851.0,0.11124191,grocery,2,0,0.98
19,MAGAZINES,Guaranda,Bolivar,C,15,1.3055345,1722.0,0.48164794,grocery,3,0,0.98
19,MEATS,Guaranda,Bolivar,C,15,141.38689,237954.14,0.002354326,perishable,1,3,0.5
19,PERSONAL CARE,Guaranda,Bolivar,C,15,187.14914,314972.0,0.002354326,grocery,2,0,0.98
19,PET SUPPLIES,Guaranda,Bolivar,C,15,0.72685885,958.0,0.56146926,grocery,3,0,0.98
19,PLAYERS AND ELECTRONICS,Guaranda,Bolivar,C,15,3.7816527,4988.0,0.26217228,hardware,7,0,0.98
19,POULTRY,Guaranda,Bolivar,C,15,121.95081,205243.22,0.0029429076,perishable,1,3,0.5
19,PREPARED FOODS,Guaranda,Bolivar,C,15,33.514557,56405.0,0.002354326,perishable,1,2,0.5
19,PRODUCE,Guaranda,Bolivar,C,15,339.0077,447151.16,0.22696629,perishable,1,4,0.5618265777321704
19,SCHOOL AND OFFICE SUPPLIES,Guaranda,Bolivar,C,15,0.82451254,888.0,0.83714545,grocery,3,0,0.98
19,SEAFOOD,Guaranda,Bolivar,C,15,4.3452168,7313.0,0.17598587,perishable,1,2,0.5
20,AUTOMOTIVE,Quito,Pichincha,B,6,8.297919,7576.0,0.013993542,hardware,7,0,0.98
20,BABY CARE,Quito,Pichincha,B,6,0.66539925,525.0,0.63726705,grocery,3,0,0.98
20,BEAUTY,Quito,Pichincha,B,6,5.255203,4798.0,0.041980624,grocery,3,0,0.98
20,BEVERAGES,Quito,Pichincha,B,6,3023.9727,2.760887e+06,0.0021528525,grocery,2,0,0.98
20,BREAD/BAKERY,Quito,Pichincha,B,6,473.63684,432430.44,0.0021528525,perishable,1,2,0.5
20,CELEBRATION,Quito,Pichincha,B,6,8.380124,6746.0,0.018270401,grocery,3,0,0.98
20,CLEANING,Quito,Pichincha,B,6,1296.3527,1.18357e+06,0.0021528525,grocery,2,0,0.98
20,DAIRY,Quito,Pichincha,B,6,754.9967,689312.0,0.0021528525,perishable,1,5,0.5
20,DELI,Quito,Pichincha,B,6,602.16595,549777.5,0.0021528525,perishable,1,3,0.5
20,EGGS,Quito,Pichincha,B,6,123.29682,112570.0,0.0021528525,perishable,1,5,0.5
20,FROZEN FOODS,Quito,Pichincha,B,6,110.19031,100603.75,0.0021528525,grocery,2,0,0.98
20,GROCERY I,Quito,Pichincha,B,6,5240.99,4.785024e+06,0.0021528525,grocery,2,0,0.98
20,GROCERY II,Quito,Pichincha,B,6,13.052574,11917.0,0.009687836,grocery,3,0,0.98
20,HARDWARE,Quito,Pichincha,B,6,0.78422785,716.0,0.51776105,hardware,7,0,0.98
20,HOME AND KITCHEN I,Quito,Pichincha,B,6,27.710844,25300.0,0.0021528525,hardware,7,0,0.98
20,HOME AND KITCHEN II,Quito,Pichincha,B,6,15.592552,14236.0,0.0032292788,hardware,7,0,0.98
20,HOME APPLIANCES,Quito,Pichincha,B,6,0.18181819,166.0,0.8525296,hardware,7,0,0.98
20,HOME CARE,Quito,Pichincha,B,6,328.71548,273820.0,0.0023557127,grocery,2,0,0.98
20,LADIESWEAR,Quito,Pichincha,B,6,8.689441,6995.0,0.05968331,hardware,7,0,0.98
20,LAWN AND GARDEN,Quito,Pichincha,B,6,5.6768894,5183.0,0.08503768,hardware,7,0,0.98
20,LINGERIE,Quito,Pichincha,B,6,3.4753559,3173.0,0.13885899,hardware,7,0,0.98
20,"LIQUOR,WINE,BEER",Quito,Pichincha,B,6,42.90033,39168.0,0.07750269,grocery,2,0,0.98
20,MAGAZINES,Quito,Pichincha,B,6,1.2590432,1079.0,0.43528065,grocery,3,0,0.98
20,MEATS,Quito,Pichincha,B,6,295.16904,269489.34,0.0021528525,perishable,1,3,0.5
20,PERSONAL CARE,Quito,Pichincha,B,6,388.368,354580.0,0.0021528525,grocery,2,0,0.98
20,PET SUPPLIES,Quito,Pichincha,B,6,3.095771,2489.0,0.11219512,grocery,3,0,0.98
20,PLAYERS AND ELECTRONICS,Quito,Pichincha,B,6,5.814677,4675.0,0.032926828,hardware,7,0,0.98
20,POULTRY,Quito,Pichincha,B,6,373.65347,341145.62,0.0021528525,perishable,1,3,0.5
20,PREPARED FOODS,Quito,Pichincha,B,6,81.38726,74306.57,0.0021528525,perishable,1,2,0.5
20,PRODUCE,Quito,Pichincha,B,6,1045.9348,841977.56,0.0024360537,perishable,1,4,0.5618265777321704
20,SCHOOL AND OFFICE SUPPLIES,Quito,Pichincha,B,6,6.395262,5129.0,0.33374083,grocery,3,0,0.98
20,SEAFOOD,Quito,Pichincha,B,6,12.694334,11589.927,0.0064585577,perishable,1,2,0.5
21,AUTOMOTIVE,Santo Domingo,Santo Domingo de los Tsachilas,B,6,10.428191,7842.0,0.0026041667,hardware,7,0,0.98
21,BABY CARE,Santo Domingo,Santo Domingo de los Tsachilas,B,6,0.79254454,489.0,0.5450237,grocery,3,0,0.98
21,BEAUTY,Santo Domingo,Santo Domingo de los Tsachilas,B,6,4.863032,3657.0,0.029947916,grocery,3,0,0.98
21,BEVERAGES,Santo Domingo,Santo Domingo de los Tsachilas,B,6,2611.4255,1.963792e+06,0.0026041667,grocery,2,0,0.98
21,BREAD/BAKERY,Santo Domingo,Santo Domingo de los Tsachilas,B,6,489.03723,367756.0,0.0026041667,perishable,1,2,0.5
21,CELEBRATION,Santo Domingo,Santo Domingo de los Tsachilas,B,6,7.549202,5677.0,0.029947916,grocery,3,0,0.98
21,CLEANING,Santo Domingo,Santo Domingo de los Tsachilas,B,6,1279.5372,962212.0,0.0026041667,grocery,2,0,0.98
21,DAIRY,Santo Domingo,Santo Domingo de los Tsachilas,B,6,560.9269,421817.0,0.0026041667,perishable,1,5,0.5
21,DELI,Santo Domingo,Santo Domingo de los Tsachilas,B,6,323.3801,243181.83,0.0026041667,perishable,1,3,0.5
21,EGGS,Santo Domingo,Santo Domingo de los Tsachilas,B,6,218.50133,164313.0,0.0026041667,perishable,1,5,0.5
21,FROZEN FOODS,Santo Domingo,Santo Domingo de los Tsachilas,B,6,98.64148,74178.39,0.0026041667,grocery,2,0,0.98
21,GROCERY I,Santo Domingo,Santo Domingo de los Tsachilas,B,6,4205.8726,3.162816e+06,0.0026041667,grocery,2,0,0.98
21,GROCERY II,Santo Domingo,Santo Domingo de los Tsachilas,B,6,13.672873,10282.0,0.00390625,grocery,3,0,0.98
21,HARDWARE,Santo Domingo,Santo Domingo de los Tsachilas,B,6,0.9388298,706.0,0.4375,hardware,7,0,0.98
21,HOME AND KITCHEN I,Santo Domingo,Santo Domingo de los Tsachilas,B,6,35.071808,26374.0,0.0026041667,hardware,7,0,0.98
21,HOME AND KITCHEN II,Santo Domingo,Santo Domingo de los Tsachilas,B,6,30.011969,22569.0,0.0026041667,hardware,7,0,0.98
21,HOME APPLIANCES,Santo Domingo,Santo Domingo de los Tsachilas,B,6,0.33568406,238.0,0.7131035,hardware,7,0,0.98
21,HOME CARE,Santo Domingo,Santo Domingo de los Tsachilas,B,6,321.57446,241824.0,0.0026041667,grocery,2,0,0.98
21,LADIESWEAR,Santo Domingo,Santo Domingo de los Tsachilas,B,6,5.3577127,4029.0,0.13802083,hardware,7,0,0.98
21,LAWN AND GARDEN,Santo Domingo,Santo Domingo de los Tsachilas,B,6,2.5132978,1890.0,0.26302084,hardware,7,0,0.98
21,LINGERIE,Santo Domingo,Santo Domingo de los Tsachilas,B,6,9.220745,6934.0,0.016927084,hardware,7,0,0.98
21,"LIQUOR,WINE,BEER",Santo Domingo,Santo Domingo de los Tsachilas,B,6,68.24202,51318.0,0.0625,grocery,2,0,0.98
21,MAGAZINES,Santo Domingo,Santo Domingo de los Tsachilas,B,6,2.1462767,1614.0,0.234375,grocery,3,0,0.98
21,MEATS,Santo Domingo,Santo Domingo de los Tsachilas,B,6,112.005005,84227.766,0.0026041667,perishable,1,3,0.5
21,PERSONAL CARE,Santo Domingo,Santo Domingo de los Tsachilas,B,6,324.61304,244109.0,0.0026041667,grocery,2,0,0.98
21,PET SUPPLIES,Santo Domingo,Santo Domingo de los Tsachilas,B,6,1.9148936,1440.0,0.2513021,grocery,3,0,0.98
21,PLAYERS AND ELECTRONICS,Santo Domingo,Santo Domingo de los Tsachilas,B,6,8.001329,6017.0,0.015625,hardware,7,0,0.98
21,POULTRY,Santo Domingo,Santo Domingo de los Tsachilas,B,6,173.59595,130544.15,0.0026041667,perishable,1,3,0.5
21,PREPARED FOODS,Santo Domingo,Santo Domingo de los Tsachilas,B,6,103.715614,77994.14,0.0026041667,perishable,1,2,0.5
21,PRODUCE,Santo Domingo,Santo Domingo de los Tsachilas,B,6,1273.6459,957781.7,0.0026041667,perishable,1,4,0.5618265777321704
21,SCHOOL AND OFFICE SUPPLIES,Santo Domingo,Santo Domingo de los Tsachilas,B,6,4.6662235,3509.0,0.40885416,grocery,3,0,0.98
21,SEAFOOD,Santo Domingo,Santo Domingo de los Tsachilas,B,6,5.816489,4374.0,0.040364582,perishable,1,2,0.5
22,AUTOMOTIVE,Puyo,Pastaza,C,7,5.4474072,3677.0,0.018813314,hardware,7,0,0.98
22,BABY CARE,Puyo,Pastaza,C,7,0.34205934,196.0,0.7436333,grocery,3,0,0.98
22,BEAUTY,Puyo,Pastaza,C,7,1.5555556,1050.0,0.33140376,grocery,3,0,0.98
22,BEVERAGES,Puyo,Pastaza,C,7,1270.9467,857889.0,0.002894356,grocery,2,0,0.98
22,BREAD/BAKERY,Puyo,Pastaza,C,7,134.18518,90575.0,0.002894356,perishable,1,2,0.5
22,CELEBRATION,Puyo,Pastaza,C,7,9.001481,6076.0,0.018813314,grocery,3,0,0.98
22,CLEANING,Puyo,Pastaza,C,7,616.9674,416453.0,0.002894356,grocery,2,0,0.98
22,DAIRY,Puyo,Pastaza,C,7,301.42667,203463.0,0.002894356,perishable,1,5,0.5
22,DELI,Puyo,Pastaza,C,7,161.91704,109294.0,0.002894356,perishable,1,3,0.5
22,EGGS,Puyo,Pastaza,C,7,52.41185,35378.0,0.002894356,perishable,1,5,0.5
22,FROZEN FOODS,Puyo,Pastaza,C,7,73.61147,49687.746,0.002894356,grocery,2,0,0.98
22,GROCERY I,Puyo,Pastaza,C,7,2326.3145,1.5702622e+06,0.002894356,grocery,2,0,0.98
22,GROCERY II,Puyo,Pastaza,C,7,5.8103704,3922.0,0.114327066,grocery,3,0,0.98
22,HARDWARE,Puyo,Pastaza,C,7,1.0340741,698.0,0.4341534,hardware,7,0,0.98
22,HOME AND KITCHEN I,Puyo,Pastaza,C,7,39.857777,26904.0,0.002894356,hardware,7,0,0.98
22,HOME AND KITCHEN II,Puyo,Pastaza,C,7,18.948149,12790.0,0.002894356,hardware,7,0,0.98
22,HOME APPLIANCES,Puyo,Pastaza,C,7,0.33777776,228.0,0.7293777,hardware,7,0,0.98
22,HOME CARE,Puyo,Pastaza,C,7,156.9763,105959.0,0.002894356,grocery,2,0,0.98
22,LADIESWEAR,Puyo,Pastaza,C,7,2.9661016,350.0,0.25373134,hardware,7,0,0.98
22,LAWN AND GARDEN,Puyo,Pastaza,C,7,0.01826484,12.0,0.96731055,hardware,7,0,0.98
22,LINGERIE,Puyo,Pastaza,C,7,7.082963,4781.0,0.039073806,hardware,7,0,0.98
22,"LIQUOR,WINE,BEER",Puyo,Pastaza,C,7,34.171852,23066.0,0.053545587,grocery,2,0,0.98
22,MAGAZINES,Puyo,Pastaza,C,7,2.837037,1915.0,0.11866859,grocery,3,0,0.98
22,MEATS,Puyo,Pastaza,C,7,104.47708,70522.03,0.002894356,perishable,1,3,0.5
22,PERSONAL CARE,Puyo,Pastaza,C,7,158.64148,107083.0,0.002894356,grocery,2,0,0.98
22,PET SUPPLIES,Puyo,Pastaza,C,7,0.96592593,652.0,0.42402315,grocery,3,0,0.98
22,PLAYERS AND ELECTRONICS,Puyo,Pastaza,C,7,5.5940742,3776.0,0.026049204,hardware,7,0,0.98
22,POULTRY,Puyo,Pastaza,C,7,123.30034,83227.73,0.002894356,perishable,1,3,0.5
22,PREPARED FOODS,Puyo,Pastaza,C,7,45.094814,30439.0,0.002894356,perishable,1,2,0.5
22,PRODUCE,Puyo,Pastaza,C,7,397.071,268022.94,0.002894356,perishable,1,4,0.5618265777321704
22,SCHOOL AND OFFICE SUPPLIES,Puyo,Pastaza,C,7,0.6624406,418.0,0.76816076,grocery,3,0,0.98
22,SEAFOOD,Puyo,Pastaza,C,7,2.125926,1435.0,0.22286542,perishable,1,2,0.5
23,AUTOMOTIVE,Ambato,Tungurahua,D,9,2.302436,3875.0,0.15008828,hardware,7,0,0.98
23,BEAUTY,Ambato,Tungurahua,D,9,1.5142688,2547.0,0.32979977,grocery,3,0,0.98
23,BEVERAGES,Ambato,Tungurahua,D,9,1175.4432,1.978271e+06,0.002354326,grocery,2,0,0.98
23,BOOKS,Ambato,Tungurahua,D,9,0.28664497,88.0,0.7770898,grocery,3,0,0.98
23,BREAD/BAKERY,Ambato,Tungurahua,D,9,273.8322,460859.62,0.002354326,perishable,1,2,0.5
23,CELEBRATION,Ambato,Tungurahua,D,9,11.142532,14697.0,0.22771536,grocery,3,0,0.98
23,CLEANING,Ambato,Tungurahua,D,9,573.6815,965506.0,0.002354326,grocery,2,0,0.98
23,DAIRY,Ambato,Tungurahua,D,9,465.23053,782983.0,0.002354326,perishable,1,5,0.5
23,DELI,Ambato,Tungurahua,D,9,133.41322,224534.45,0.002354326,perishable,1,3,0.5
23,EGGS,Ambato,Tungurahua,D,9,55.22044,92936.0,0.002354326,perishable,1,5,0.5
23,FROZEN FOODS,Ambato,Tungurahua,D,9,100.275085,168762.97,0.002354326,grocery,2,0,0.98
23,GROCERY I,Ambato,Tungurahua,D,9,1984.3815,3.339714e+06,0.002354326,grocery,2,0,0.98
23,GROCERY II,Ambato,Tungurahua,D,9,24.2347,40787.0,0.002354326,grocery,3,0,0.98
23,HARDWARE,Ambato,Tungurahua,D,9,0.4838013,224.0,0.60960335,hardware,7,0,0.98
23,HOME AND KITCHEN I,Ambato,Tungurahua,D,9,8.593632,11335.0,0.14906368,hardware,7,0,0.98
23,HOME AND KITCHEN II,Ambato,Tungurahua,D,9,11.364947,14979.0,0.13568217,hardware,7,0,0.98
23,HOME APPLIANCES,Ambato,Tungurahua,D,9,0.2116528,356.0,0.81095403,hardware,7,0,0.98
23,HOME CARE,Ambato,Tungurahua,D,9,110.78468,146125.0,0.2059925,grocery,2,0,0.98
23,LADIESWEAR,Ambato,Tungurahua,D,9,8.697039,11454.0,0.252063,hardware,7,0,0.98
23,LAWN AND GARDEN,Ambato,Tungurahua,D,9,0.9644608,1574.0,0.6765777,hardware,7,0,0.98
23,LINGERIE,Ambato,Tungurahua,D,9,4.587047,7720.0,0.09593879,hardware,7,0,0.98
23,"LIQUOR,WINE,BEER",Ambato,Tungurahua,D,9,54.862743,92334.0,0.10771042,grocery,2,0,0.98
23,MAGAZINES,Ambato,Tungurahua,D,9,2.7490523,3626.0,0.32059926,grocery,3,0,0.98
23,MEATS,Ambato,Tungurahua,D,9,654.26337,1.1011252e+06,0.002354326,perishable,1,3,0.5
23,PERSONAL CARE,Ambato,Tungurahua,D,9,140.28937,236107.0,0.002354326,grocery,2,0,0.98
23,PET SUPPLIES,Ambato,Tungurahua,D,9,2.2435508,2957.0,0.32008997,grocery,3,0,0.98
23,PLAYERS AND ELECTRONICS,Ambato,Tungurahua,D,9,3.1910539,4209.0,0.25468165,hardware,7,0,0.98
23,POULTRY,Ambato,Tungurahua,D,9,296.72095,499381.38,0.002354326,perishable,1,3,0.5
23,PREPARED FOODS,Ambato,Tungurahua,D,9,49.439186,83206.15,0.002354326,perishable,1,2,0.5
23,PRODUCE,Ambato,Tungurahua,D,9,827.69745,1.3325929e+06,0.055350553,perishable,1,4,0.5618265777321704
23,SCHOOL AND OFFICE SUPPLIES,Ambato,Tungurahua,D,9,0.25795054,292.0,0.8249129,grocery,3,0,0.98
23,SEAFOOD,Ambato,Tungurahua,D,9,15.580433,26221.87,0.002354326,perishable,1,2,0.5
24,AUTOMOTIVE,Guayaquil,Guayas,D,1,3.2935236,5543.0,0.14125957,hardware,7,0,0.98
24,BABY CARE,Guayaquil,Guayas,D,1,0.18158568,71.0,0.8230958,grocery,3,0,0.98
24,BEAUTY,Guayaquil,Guayas,D,1,4.9089284,8247.0,0.0884434,grocery,3,0,0.98
24,BEVERAGES,Guayaquil,Guayas,D,1,2823.2122,4.751466e+06,0.06180106,grocery,2,0,0.98
24,BOOKS,Guayaquil,Guayas,D,1,0.7394137,227.0,0.5325077,grocery,3,0,0.98
24,BREAD/BAKERY,Guayaquil,Guayas,D,1,692.311,1.1651594e+06,0.06180106,perishable,1,2,0.5
24,CELEBRATION,Guayaquil,Guayas,D,1,13.723275,18101.0,0.24494383,grocery,3,0,0.98
24,CLEANING,Guayaquil,Guayas,D,1,1110.9358,1.869705e+06,0.06180106,grocery,2,0,0.98
24,DAIRY,Guayaquil,Guayas,D,1,1073.7646,1.807146e+06,0.06180106,perishable,1,5,0.5
24,DELI,Guayaquil,Guayas,D,1,253.25722,426231.9,0.06180106,perishable,1,3,0.5
24,EGGS,Guayaquil,Guayas,D,1,204.63992,344409.0,0.06180106,perishable,1,5,0.5
24,FROZEN FOODS,Guayaquil,Guayas,D,1,208.41873,350768.72,0.06180106,grocery,2,0,0.98
24,GROCERY I,Guayaquil,Guayas,D,1,3768.9495,6.343142e+06,0.06180106,grocery,2,0,0.98
24,GROCERY II,Guayaquil,Guayas,D,1,25.690434,43237.0,0.071806945,grocery,3,0,0.98
24,HARDWARE,Guayaquil,Guayas,D,1,1.1316425,1874.0,0.4258373,hardware,7,0,0.98
24,HOME AND KITCHEN I,Guayaquil,Guayas,D,1,19.53298,25764.0,0.13258427,hardware,7,0,0.98
24,HOME AND KITCHEN II,Guayaquil,Guayas,D,1,35.92722,47388.0,0.1318352,hardware,7,0,0.98
24,HOME APPLIANCES,Guayaquil,Guayas,D,1,0.37195903,581.0,0.75031686,hardware,7,0,0.98
24,HOME CARE,Guayaquil,Guayas,D,1,218.99014,288848.0,0.22322097,grocery,2,0,0.98
24,LADIESWEAR,Guayaquil,Guayas,D,1,10.779378,14218.0,0.24719101,hardware,7,0,0.98
24,LAWN AND GARDEN,Guayaquil,Guayas,D,1,13.568033,22835.0,0.13243084,hardware,7,0,0.98
24,LINGERIE,Guayaquil,Guayas,D,1,9.226381,15528.0,0.079458505,hardware,7,0,0.98
24,"LIQUOR,WINE,BEER",Guayaquil,Guayas,D,1,99.65775,167724.0,0.16009417,grocery,2,0,0.98
24,MAGAZINES,Guayaquil,Guayas,D,1,8.351782,11016.0,0.2142322,grocery,3,0,0.98
24,MEATS,Guayaquil,Guayas,D,1,388.19943,653339.6,0.06180106,perishable,1,3,0.5
24,PERSONAL CARE,Guayaquil,Guayas,D,1,263.44385,443376.0,0.06180106,grocery,2,0,0.98
24,PET SUPPLIES,Guayaquil,Guayas,D,1,11.377559,15007.0,0.24269663,grocery,3,0,0.98
24,PLAYERS AND ELECTRONICS,Guayaquil,Guayas,D,1,9.218348,12159.0,0.2599251,hardware,7,0,0.98
24,POULTRY,Guayaquil,Guayas,D,1,487.55276,820551.3,0.06180106,perishable,1,3,0.5
24,PREPARED FOODS,Guayaquil,Guayas,D,1,129.14299,217347.64,0.06180106,perishable,1,2,0.5
24,PRODUCE,Guayaquil,Guayas,D,1,2370.1729,3.8159782e+06,0.09225092,perishable,1,4,0.5618265777321704
24,SCHOOL AND OFFICE SUPPLIES,Guayaquil,Guayas,D,1,0.85125446,950.0,0.7067138,grocery,3,0,0.98
24,SEAFOOD,Guayaquil,Guayas,D,1,35.528084,59793.766,0.06180106,perishable,1,2,0.5
25,AUTOMOTIVE,Salinas,Santa Elena,D,1,2.0731273,3487.0,0.24793875,hardware,7,0,0.98
25,BABY CARE,Salinas,Santa Elena,D,1,0.10616438,31.0,0.8668831,grocery,3,0,0.98
25,BEAUTY,Salinas,Santa Elena,D,1,2.3699524,3991.0,0.22117648,grocery,3,0,0.98
25,BEVERAGES,Salinas,Santa Elena,D,1,1760.0599,2.963941e+06,0.03882353,grocery,2,0,0.98
25,BOOKS,Salinas,Santa Elena,D,1,0.4280822,125.0,0.7077922,grocery,3,0,0.98
25,BREAD/BAKERY,Salinas,Santa Elena,D,1,287.69693,484481.62,0.03882353,perishable,1,2,0.5
25,CELEBRATION,Salinas,Santa Elena,D,1,5.67197,7487.0,0.29341316,grocery,3,0,0.98
25,CLEANING,Salinas,Santa Elena,D,1,468.04453,788187.0,0.03882353,grocery,2,0,0.98
25,DAIRY,Salinas,Santa Elena,D,1,468.39075,788770.0,0.03882353,perishable,1,5,0.5
25,DELI,Salinas,Santa Elena,D,1,125.80037,211847.83,0.03882353,perishable,1,3,0.5
25,EGGS,Salinas,Santa Elena,D,1,106.73515,179742.0,0.03882353,perishable,1,5,0.5
25,FROZEN FOODS,Salinas,Santa Elena,D,1,171.29646,288463.25,0.03882353,grocery,2,0,0.98
25,GROCERY I,Salinas,Santa Elena,D,1,1685.5035,2.838388e+06,0.03882353,grocery,2,0,0.98
25,GROCERY II,Salinas,Santa Elena,D,1,11.49228,19353.0,0.052352943,grocery,3,0,0.98
25,HARDWARE,Salinas,Santa Elena,D,1,0.92791003,1403.0,0.4947644,hardware,7,0,0.98
25,HOME AND KITCHEN I,Salinas,Santa Elena,D,1,23.244698,30683.0,0.16541916,hardware,7,0,0.98
25,HOME AND KITCHEN II,Salinas,Santa Elena,D,1,14.271213,18838.0,0.1736527,hardware,7,0,0.98
25,HOME APPLIANCES,Salinas,Santa Elena,D,1,0.18839361,224.0,0.84315354,hardware,7,0,0.98
25,HOME CARE,Salinas,Santa Elena,D,1,84.11515,111032.0,0.25374252,grocery,2,0,0.98
25,LAWN AND GARDEN,Salinas,Santa Elena,D,1,10.171616,17129.0,0.11176471,hardware,7,0,0.98
25,LINGERIE,Salinas,Santa Elena,D,1,8.526722,14359.0,0.08764706,hardware,7,0,0.98
25,"LIQUOR,WINE,BEER",Salinas,Santa Elena,D,1,175.19774,295033.0,0.14470588,grocery,2,0,0.98
25,MAGAZINES,Salinas,Santa Elena,D,1,4.258333,5621.0,0.3270958,grocery,3,0,0.98
25,MEATS,Salinas,Santa Elena,D,1,201.23882,338886.16,0.03882353,perishable,1,3,0.5
25,PERSONAL CARE,Salinas,Santa Elena,D,1,106.02969,178554.0,0.03882353,grocery,2,0,0.98
25,PET SUPPLIES,Salinas,Santa Elena,D,1,2.6515152,3500.0,0.3226048,grocery,3,0,0.98
25,PLAYERS AND ELECTRONICS,Salinas,Santa Elena,D,1,4.1318183,5454.0,0.3270958,hardware,7,0,0.98
25,POULTRY,Salinas,Santa Elena,D,1,156.37735,263339.47,0.03882353,perishable,1,3,0.5
25,PREPARED FOODS,Salinas,Santa Elena,D,1,51.75431,87154.26,0.03882353,perishable,1,2,0.5
25,PRODUCE,Salinas,Santa Elena,D,1,907.92554,1.4617601e+06,0.06519065,perishable,1,4,0.5618265777321704
25,SCHOOL AND OFFICE SUPPLIES,Salinas,Santa Elena,D,1,0.49692714,566.0,0.7878788,grocery,3,0,0.98
25,SEAFOOD,Salinas,Santa Elena,D,1,5.4501295,9167.118,0.115429915,perishable,1,2,0.5
26,AUTOMOTIVE,Guayaquil,Guayas,D,10,3.5680332,6005.0,0.0924073,hardware,7,0,0.98
26,BABY CARE,Guayaquil,Guayas,D,10,0.24242425,96.0,0.86893207,grocery,3,0,0.98
26,BEAUTY,Guayaquil,Guayas,D,10,0.9465241,1593.0,0.44025898,grocery,3,0,0.98
26,BEVERAGES,Guayaquil,Guayas,D,10,793.32855,1.335172e+06,0.002354326,grocery,2,0,0.98
26,BOOKS,Guayaquil,Guayas,D,10,0.048442908,14.0,0.90163934,grocery,3,0,0.98
26,BREAD/BAKERY,Guayaquil,Guayas,D,10,225.26595,379122.6,0.002354326,perishable,1,2,0.5
26,CELEBRATION,Guayaquil,Guayas,D,10,5.610311,7400.0,0.23970038,grocery,3,0,0.98
26,CLEANING,Guayaquil,Guayas,D,10,439.71597,740042.0,0.002354326,grocery,2,0,0.98
26,DAIRY,Guayaquil,Guayas,D,10,237.47058,399663.0,0.002354326,perishable,1,5,0.5
26,DELI,Guayaquil,Guayas,D,10,90.81849,152847.52,0.002354326,perishable,1,3,0.5
26,EGGS,Guayaquil,Guayas,D,10,41.80927,70365.0,0.002354326,perishable,1,5,0.5
26,FROZEN FOODS,Guayaquil,Guayas,D,10,77.48799,130412.29,0.002354326,grocery,2,0,0.98
26,GROCERY I,Guayaquil,Guayas,D,10,1616.3624,2.720338e+06,0.002354326,grocery,2,0,0.98
26,GROCERY II,Guayaquil,Guayas,D,10,4.5092096,7589.0,0.08357858,grocery,3,0,0.98
26,HARDWARE,Guayaquil,Guayas,D,10,0.80748665,1359.0,0.54914653,hardware,7,0,0.98
26,HOME AND KITCHEN I,Guayaquil,Guayas,D,10,9.783169,12904.0,0.13408239,hardware,7,0,0.98
26,HOME AND KITCHEN II,Guayaquil,Guayas,D,10,6.7907505,8957.0,0.14157303,hardware,7,0,0.98
26,HOME APPLIANCES,Guayaquil,Guayas,D,10,0.21963824,340.0,0.8113811,hardware,7,0,0.98
26,HOME CARE,Guayaquil,Guayas,D,10,71.40637,94185.0,0.2059925,grocery,2,0,0.98
26,LADIESWEAR,Guayaquil,Guayas,D,10,1.4230478,1877.0,0.51835203,hardware,7,0,0.98
26,LAWN AND GARDEN,Guayaquil,Guayas,D,10,1.64324,2759.0,0.6353982,hardware,7,0,0.98
26,LINGERIE,Guayaquil,Guayas,D,10,3.9162211,6591.0,0.17480871,hardware,7,0,0.98
26,"LIQUOR,WINE,BEER",Guayaquil,Guayas,D,10,33.56625,56492.0,0.109476164,grocery,2,0,0.98
26,MAGAZINES,Guayaquil,Guayas,D,10,0.28755692,379.0,0.7758621,grocery,3,0,0.98
26,MEATS,Guayaquil,Guayas,D,10,280.43524,471972.5,0.002354326,perishable,1,3,0.5
26,PERSONAL CARE,Guayaquil,Guayas,D,10,160.83363,270683.0,0.002354326,grocery,2,0,0.98
26,PET SUPPLIES,Guayaquil,Guayas,D,10,1.1396055,1502.0,0.5037481,grocery,3,0,0.98
26,PLAYERS AND ELECTRONICS,Guayaquil,Guayas,D,10,1.4912813,1967.0,0.4224719,hardware,7,0,0.98
26,POULTRY,Guayaquil,Guayas,D,10,162.21176,273002.4,0.002354326,perishable,1,3,0.5
26,PREPARED FOODS,Guayaquil,Guayas,D,10,18.212715,30652.0,0.005297234,perishable,1,2,0.5
26,PRODUCE,Guayaquil,Guayas,D,10,349.1768,562174.6,0.20541206,perishable,1,4,0.5618265777321704
26,SCHOOL AND OFFICE SUPPLIES,Guayaquil,Guayas,D,10,1.1641791,936.0,0.6792683,grocery,3,0,0.98
26,SEAFOOD,Guayaquil,Guayas,D,10,3.4046195,5729.9746,0.09064155,perishable,1,2,0.5
27,AUTOMOTIVE,Daule,Guayas,D,1,4.8752227,8205.0,0.045320775,hardware,7,0,0.98
27,BABY CARE,Daule,Guayas,D,1,0.24184783,89.0,0.7838542,grocery,3,0,0.98
27,BEAUTY,Daule,Guayas,D,1,3.5424836,5962.0,0.087110065,grocery,3,0,0.98
27,BEVERAGES,Daule,Guayas,D,1,2406.3142,4.049827e+06,0.002354326,grocery,2,0,0.98
27,BOOKS,Daule,Guayas,D,1,0.32786885,100.0,0.69158876,grocery,3,0,0.98
27,BREAD/BAKERY,Daule,Guayas,D,1,600.2223,1.0101741e+06,0.002354326,perishable,1,2,0.5
27,CELEBRATION,Daule,Guayas,D,1,12.693707,16743.0,0.22771536,grocery,3,0,0.98
27,CLEANING,Daule,Guayas,D,1,790.7148,1.330773e+06,0.002354326,grocery,2,0,0.98
27,DAIRY,Daule,Guayas,D,1,792.776,1.334242e+06,0.002354326,perishable,1,5,0.5
27,DELI,Daule,Guayas,D,1,249.94215,420652.66,0.002354326,perishable,1,3,0.5
27,EGGS,Daule,Guayas,D,1,211.19014,355433.0,0.002354326,perishable,1,5,0.5
27,FROZEN FOODS,Daule,Guayas,D,1,160.59412,270279.9,0.002354326,grocery,2,0,0.98
27,GROCERY I,Daule,Guayas,D,1,3183.5615,5.357934e+06,0.002354326,grocery,2,0,0.98
27,GROCERY II,Daule,Guayas,D,1,21.70826,36535.0,0.002354326,grocery,3,0,0.98
27,HARDWARE,Daule,Guayas,D,1,1.7540107,2952.0,0.3054738,hardware,7,0,0.98
27,HOME AND KITCHEN I,Daule,Guayas,D,1,15.169826,20009.0,0.11835206,hardware,7,0,0.98
27,HOME AND KITCHEN II,Daule,Guayas,D,1,18.166794,23962.0,0.11460674,hardware,7,0,0.98
27,HOME APPLIANCES,Daule,Guayas,D,1,0.3311534,557.0,0.73557127,hardware,7,0,0.98
27,HOME CARE,Daule,Guayas,D,1,171.63837,226391.0,0.2059925,grocery,2,0,0.98
27,LADIESWEAR,Daule,Guayas,D,1,5.7517085,7575.0,0.27981997,hardware,7,0,0.98
27,LAWN AND GARDEN,Daule,Guayas,D,1,13.431373,22605.0,0.04296645,hardware,7,0,0.98
27,LINGERIE,Daule,Guayas,D,1,6.0683303,10213.0,0.056503825,hardware,7,0,0.98
27,"LIQUOR,WINE,BEER",Daule,Guayas,D,1,156.76767,263840.0,0.10888758,grocery,2,0,0.98
27,MAGAZINES,Daule,Guayas,D,1,2.85877,3765.0,0.32108027,grocery,3,0,0.98
27,MEATS,Daule,Guayas,D,1,267.38113,450002.44,0.002354326,perishable,1,3,0.5
27,PERSONAL CARE,Daule,Guayas,D,1,203.68628,342804.0,0.002354326,grocery,2,0,0.98
27,PET SUPPLIES,Daule,Guayas,D,1,6.6861258,8819.0,0.22771536,grocery,3,0,0.98
27,PLAYERS AND ELECTRONICS,Daule,Guayas,D,1,7.0599847,9298.0,0.23330833,hardware,7,0,0.98
27,POULTRY,Daule,Guayas,D,1,378.1432,636415.0,0.002354326,perishable,1,3,0.5
27,PREPARED FOODS,Daule,Guayas,D,1,89.51506,150653.84,0.002354326,perishable,1,2,0.5
27,PRODUCE,Daule,Guayas,D,1,1720.5953,2.7701585e+06,0.04305043,perishable,1,4,0.5618265777321704
27,SCHOOL AND OFFICE SUPPLIES,Daule,Guayas,D,1,1.30125,1041.0,0.5245098,grocery,3,0,0.98
27,SEAFOOD,Daule,Guayas,D,1,23.773531,40010.85,0.002354326,perishable,1,2,0.5
28,AUTOMOTIVE,Guayaquil,Guayas,E,10,7.1437907,12023.0,0.020600352,hardware,7,0,0.98
28,BABY CARE,Guayaquil,Guayas,E,10,0.15302491,43.0,0.84175086,grocery,3,0,0.98
28,BEAUTY,Guayaquil,Guayas,E,10,1.9435532,3271.0,0.24779283,grocery,3,0,0.98
28,BEVERAGES,Guayaquil,Guayas,E,10,2244.0273,3.776698e+06,0.002354326,grocery,2,0,0.98
28,BREAD/BAKERY,Guayaquil,Guayas,E,10,562.96313,947467.0,0.002354326,perishable,1,2,0.5
28,CELEBRATION,Guayaquil,Guayas,E,10,9.545868,12591.0,0.22771536,grocery,3,0,0.98
28,CLEANING,Guayaquil,Guayas,E,10,1019.21155,1.715333e+06,0.002354326,grocery,2,0,0.98
28,DAIRY,Guayaquil,Guayas,E,10,640.8105,1.078484e+06,0.002354326,perishable,1,5,0.5
28,DELI,Guayaquil,Guayas,E,10,336.60645,566508.6,0.002354326,perishable,1,3,0.5
28,EGGS,Guayaquil,Guayas,E,10,234.07843,393954.0,0.002354326,perishable,1,5,0.5
28,FROZEN FOODS,Guayaquil,Guayas,E,10,94.20642,158549.4,0.002354326,grocery,2,0,0.98
28,GROCERY I,Guayaquil,Guayas,E,10,3685.355,6.2024525e+06,0.002354326,grocery,2,0,0.98
28,GROCERY II,Guayaquil,Guayas,E,10,7.218063,12148.0,0.036492053,grocery,3,0,0.98
28,HARDWARE,Guayaquil,Guayas,E,10,1.2474717,2097.0,0.40306422,hardware,7,0,0.98
28,HOME AND KITCHEN I,Guayaquil,Guayas,E,10,28.502653,37595.0,0.11460674,hardware,7,0,0.98
28,HOME AND KITCHEN II,Guayaquil,Guayas,E,10,13.853677,18273.0,0.11460674,hardware,7,0,0.98
28,HOME APPLIANCES,Guayaquil,Guayas,E,10,0.53732264,871.0,0.6371411,hardware,7,0,0.98
28,HOME CARE,Guayaquil,Guayas,E,10,215.69371,284500.0,0.2059925,grocery,2,0,0.98
28,LAWN AND GARDEN,Guayaquil,Guayas,E,10,1.8386905,3089.0,0.44457546,hardware,7,0,0.98
28,LINGERIE,Guayaquil,Guayas,E,10,7.413547,12477.0,0.037080634,hardware,7,0,0.98
28,"LIQUOR,WINE,BEER",Guayaquil,Guayas,E,10,116.94177,196813.0,0.109476164,grocery,2,0,0.98
28,MAGAZINES,Guayaquil,Guayas,E,10,0.85736436,1106.0,0.5788668,grocery,3,0,0.98
28,MEATS,Guayaquil,Guayas,E,10,195.6441,329269.03,0.002354326,perishable,1,3,0.5
28,PERSONAL CARE,Guayaquil,Guayas,E,10,298.07843,501666.0,0.002354326,grocery,2,0,0.98
28,PET SUPPLIES,Guayaquil,Guayas,E,10,3.2683852,4311.0,0.26891387,grocery,3,0,0.98
28,PLAYERS AND ELECTRONICS,Guayaquil,Guayas,E,10,4.0379076,5326.0,0.27265918,hardware,7,0,0.98
28,POULTRY,Guayaquil,Guayas,E,10,228.92798,385285.78,0.002354326,perishable,1,3,0.5
28,PREPARED FOODS,Guayaquil,Guayas,E,10,64.5263,108597.766,0.002354326,perishable,1,2,0.5
28,PRODUCE,Guayaquil,Guayas,E,10,1209.557,1.5954058e+06,0.22696629,perishable,1,4,0.5618265777321704
28,SCHOOL AND OFFICE SUPPLIES,Guayaquil,Guayas,E,10,4.6580744,6144.0,0.3962547,grocery,3,0,0.98
28,SEAFOOD,Guayaquil,Guayas,E,10,6.420847,10806.285,0.08887581,perishable,1,2,0.5
29,AUTOMOTIVE,Guayaquil,Guayas,E,10,6.333713,5561.0,0.015659954,hardware,7,0,0.98
29,BABY CARE,Guayaquil,Guayas,E,10,0.46824408,376.0,0.71428573,grocery,3,0,0.98
29,BEAUTY,Guayaquil,Guayas,E,10,3.001139,2635.0,0.10402685,grocery,3,0,0.98
29,BEVERAGES,Guayaquil,Guayas,E,10,2502.254,2.196979e+06,0.0022371365,grocery,2,0,0.98
29,BREAD/BAKERY,Guayaquil,Guayas,E,10,588.0433,516302.0,0.0022371365,perishable,1,2,0.5
29,CELEBRATION,Guayaquil,Guayas,E,10,10.33913,8323.0,0.008526187,grocery,3,0,0.98
29,CLEANING,Guayaquil,Guayas,E,10,950.73236,834743.0,0.0022371365,grocery,2,0,0.98
29,DAIRY,Guayaquil,Guayas,E,10,683.12415,599783.0,0.0022371365,perishable,1,5,0.5
29,DELI,Guayaquil,Guayas,E,10,280.5311,246306.31,0.0022371365,perishable,1,3,0.5
29,EGGS,Guayaquil,Guayas,E,10,192.10478,168668.0,0.0022371365,perishable,1,5,0.5
29,FROZEN FOODS,Guayaquil,Guayas,E,10,99.1187,87026.22,0.0022371365,grocery,2,0,0.98
29,GROCERY I,Guayaquil,Guayas,E,10,3527.2588,3.0969332e+06,0.0022371365,grocery,2,0,0.98
29,GROCERY II,Guayaquil,Guayas,E,10,10.517084,9234.0,0.011185682,grocery,3,0,0.98
29,HARDWARE,Guayaquil,Guayas,E,10,1.1047837,970.0,0.39038032,hardware,7,0,0.98
29,HOME AND KITCHEN I,Guayaquil,Guayas,E,10,24.37016,21397.0,0.0022371365,hardware,7,0,0.98
29,HOME AND KITCHEN II,Guayaquil,Guayas,E,10,17.908884,15724.0,0.0022371365,hardware,7,0,0.98
29,HOME APPLIANCES,Guayaquil,Guayas,E,10,0.27676538,243.0,0.7852349,hardware,7,0,0.98
29,HOME CARE,Guayaquil,Guayas,E,10,235.95679,196552.0,0.0023557127,grocery,2,0,0.98
29,LAWN AND GARDEN,Guayaquil,Guayas,E,10,2.0758622,1806.0,0.489842,hardware,7,0,0.98
29,LINGERIE,Guayaquil,Guayas,E,10,4.81549,4228.0,0.06263982,hardware,7,0,0.98
29,"LIQUOR,WINE,BEER",Guayaquil,Guayas,E,10,119.71298,105108.0,0.07494407,grocery,2,0,0.98
29,MAGAZINES,Guayaquil,Guayas,E,10,1.3603287,1159.0,0.3467742,grocery,3,0,0.98
29,MEATS,Guayaquil,Guayas,E,10,127.46375,111913.17,0.0022371365,perishable,1,3,0.5
29,PERSONAL CARE,Guayaquil,Guayas,E,10,271.53302,238406.0,0.0022371365,grocery,2,0,0.98
29,PET SUPPLIES,Guayaquil,Guayas,E,10,4.509317,3630.0,0.05724726,grocery,3,0,0.98
29,PLAYERS AND ELECTRONICS,Guayaquil,Guayas,E,10,5.521739,4445.0,0.03410475,hardware,7,0,0.98
29,POULTRY,Guayaquil,Guayas,E,10,200.66527,176184.11,0.0022371365,perishable,1,3,0.5
29,PREPARED FOODS,Guayaquil,Guayas,E,10,68.75212,60364.363,0.0022371365,perishable,1,2,0.5
29,PRODUCE,Guayaquil,Guayas,E,10,1243.1111,1.0007044e+06,0.0024360537,perishable,1,4,0.5618265777321704
29,SCHOOL AND OFFICE SUPPLIES,Guayaquil,Guayas,E,10,4.2770185,3443.0,0.20950061,grocery,3,0,0.98
29,SEAFOOD,Guayaquil,Guayas,E,10,6.8462415,6011.0,0.030201342,perishable,1,2,0.5
30,AUTOMOTIVE,Guayaquil,Guayas,C,3,3.0843732,5191.0,0.11889347,hardware,7,0,0.98
30,BABY CARE,Guayaquil,Guayas,C,3,0.0888184,112.0,0.92325765,grocery,3,0,0.98
30,BEAUTY,Guayaquil,Guayas,C,3,0.59774214,1006.0,0.6138905,grocery,3,0,0.98
30,BEVERAGES,Guayaquil,Guayas,C,3,931.8966,1.568382e+06,0.015891701,grocery,2,0,0.98
30,BREAD/BAKERY,Guayaquil,Guayas,C,3,152.16162,256088.0,0.015891701,perishable,1,2,0.5
30,CELEBRATION,Guayaquil,Guayas,C,3,3.100834,4090.0,0.27565542,grocery,3,0,0.98
30,CLEANING,Guayaquil,Guayas,C,3,480.59833,808847.0,0.015891701,grocery,2,0,0.98
30,DAIRY,Guayaquil,Guayas,C,3,222.74629,374882.0,0.015891701,perishable,1,5,0.5
30,DELI,Guayaquil,Guayas,C,3,104.774216,176335.0,0.015891701,perishable,1,3,0.5
30,EGGS,Guayaquil,Guayas,C,3,119.077835,200408.0,0.015891701,perishable,1,5,0.5
30,FROZEN FOODS,Guayaquil,Guayas,C,3,58.08514,97757.29,0.015891701,grocery,2,0,0.98
30,GROCERY I,Guayaquil,Guayas,C,3,1554.7426,2.6166318e+06,0.015891701,grocery,2,0,0.98
30,GROCERY II,Guayaquil,Guayas,C,3,3.5086155,5905.0,0.20129488,grocery,3,0,0.98
30,HARDWARE,Guayaquil,Guayas,C,3,0.9477124,1595.0,0.47498527,hardware,7,0,0.98
30,HOME AND KITCHEN I,Guayaquil,Guayas,C,3,11.782411,15541.0,0.123595506,hardware,7,0,0.98
30,HOME AND KITCHEN II,Guayaquil,Guayas,C,3,5.933283,7826.0,0.12883896,hardware,7,0,0.98
30,HOME APPLIANCES,Guayaquil,Guayas,C,3,0.29600954,497.0,0.7563422,hardware,7,0,0.98
30,HOME CARE,Guayaquil,Guayas,C,3,96.67172,127510.0,0.2059925,grocery,2,0,0.98
30,LADIESWEAR,Guayaquil,Guayas,C,3,0.50608826,665.0,0.72105265,hardware,7,0,0.98
30,LINGERIE,Guayaquil,Guayas,C,3,4.0713015,6852.0,0.13478516,hardware,7,0,0.98
30,"LIQUOR,WINE,BEER",Guayaquil,Guayas,C,3,54.484848,91698.0,0.12242495,grocery,2,0,0.98
30,MAGAZINES,Guayaquil,Guayas,C,3,0.4491654,592.0,0.6844078,grocery,3,0,0.98
30,MEATS,Guayaquil,Guayas,C,3,57.752243,97197.02,0.015891701,perishable,1,3,0.5
30,PERSONAL CARE,Guayaquil,Guayas,C,3,102.99406,173339.0,0.015891701,grocery,2,0,0.98
30,PET SUPPLIES,Guayaquil,Guayas,C,3,1.072079,1413.0,0.4670165,grocery,3,0,0.98
30,PLAYERS AND ELECTRONICS,Guayaquil,Guayas,C,3,3.0735404,4054.0,0.28089887,hardware,7,0,0.98
30,POULTRY,Guayaquil,Guayas,C,3,98.9286,166496.83,0.015891701,perishable,1,3,0.5
30,PREPARED FOODS,Guayaquil,Guayas,C,3,22.744503,38279.0,0.016480282,perishable,1,2,0.5
30,PRODUCE,Guayaquil,Guayas,C,3,398.44644,525550.9,0.22696629,perishable,1,4,0.5618265777321704
30,SCHOOL AND OFFICE SUPPLIES,Guayaquil,Guayas,C,3,1.1908531,1354.0,0.8959237,grocery,3,0,0.98
30,SEAFOOD,Guayaquil,Guayas,C,3,3.5525846,5979.0,0.23660977,perishable,1,2,0.5
31,AUTOMOTIVE,Babahoyo,Los Rios,B,10,7.5579324,12720.0,0.015303119,hardware,7,0,0.98
31,BABY CARE,Babahoyo,Los Rios,B,10,0.8014184,904.0,0.6949301,grocery,3,0,0.98
31,BEAUTY,Babahoyo,Los Rios,B,10,2.580511,4343.0,0.14714538,grocery,3,0,0.98
31,BEVERAGES,Babahoyo,Los Rios,B,10,1809.1224,3.044753e+06,0.002354326,grocery,2,0,0.98
31,BREAD/BAKERY,Babahoyo,Los Rios,B,10,466.5116,785139.0,0.002354326,perishable,1,2,0.5
31,CELEBRATION,Babahoyo,Los Rios,B,10,6.7126613,8854.0,0.24044944,grocery,3,0,0.98
31,CLEANING,Babahoyo,Los Rios,B,10,1248.6376,2.101457e+06,0.002354326,grocery,2,0,0.98
31,DAIRY,Babahoyo,Los Rios,B,10,588.37494,990235.0,0.002354326,perishable,1,5,0.5
31,DELI,Babahoyo,Los Rios,B,10,246.39835,414688.4,0.002354326,perishable,1,3,0.5
31,EGGS,Babahoyo,Los Rios,B,10,236.50446,398037.0,0.002354326,perishable,1,5,0.5
31,FROZEN FOODS,Babahoyo,Los Rios,B,10,107.23647,180478.98,0.0064743967,grocery,2,0,0.98
31,GROCERY I,Babahoyo,Los Rios,B,10,3926.2173,6.6078235e+06,0.002354326,grocery,2,0,0.98
31,GROCERY II,Babahoyo,Los Rios,B,10,9.33571,15712.0,0.023543261,grocery,3,0,0.98
31,HARDWARE,Babahoyo,Los Rios,B,10,0.7153892,1204.0,0.54326075,hardware,7,0,0.98
31,HOME AND KITCHEN I,Babahoyo,Los Rios,B,10,17.991661,23731.0,0.121348314,hardware,7,0,0.98
31,HOME AND KITCHEN II,Babahoyo,Los Rios,B,10,16.024279,21120.0,0.11469265,hardware,7,0,0.98
31,HOME APPLIANCES,Babahoyo,Los Rios,B,10,0.39691028,668.0,0.6968805,hardware,7,0,0.98
31,HOME CARE,Babahoyo,Los Rios,B,10,237.7445,313585.0,0.20749064,grocery,2,0,0.98
31,LADIESWEAR,Babahoyo,Los Rios,B,10,1.8316907,2416.0,0.41048688,hardware,7,0,0.98
31,LAWN AND GARDEN,Babahoyo,Los Rios,B,10,1.2020202,2023.0,0.50029427,hardware,7,0,0.98
31,LINGERIE,Babahoyo,Los Rios,B,10,12.067737,20310.0,0.0382578,hardware,7,0,0.98
31,"LIQUOR,WINE,BEER",Babahoyo,Los Rios,B,10,30.284018,50968.0,0.11241907,grocery,2,0,0.98
31,MAGAZINES,Babahoyo,Los Rios,B,10,0.83269083,1080.0,0.56435645,grocery,3,0,0.98
31,MEATS,Babahoyo,Los Rios,B,10,305.1255,513526.22,0.002354326,perishable,1,3,0.5
31,PERSONAL CARE,Babahoyo,Los Rios,B,10,294.92334,496356.0,0.002354326,grocery,2,0,0.98
31,PET SUPPLIES,Babahoyo,Los Rios,B,10,1.8953753,2500.0,0.35580525,grocery,3,0,0.98
31,PLAYERS AND ELECTRONICS,Babahoyo,Los Rios,B,10,5.9620924,7864.0,0.23146068,hardware,7,0,0.98
31,POULTRY,Babahoyo,Los Rios,B,10,137.84462,231992.48,0.002354326,perishable,1,3,0.5
31,PREPARED FOODS,Babahoyo,Los Rios,B,10,72.34443,121755.67,0.002354326,perishable,1,2,0.5
31,PRODUCE,Babahoyo,Los Rios,B,10,1029.1187,1.3574075e+06,0.22696629,perishable,1,4,0.5618265777321704
31,SCHOOL AND OFFICE SUPPLIES,Babahoyo,Los Rios,B,10,3.3090358,4358.0,0.55213803,grocery,3,0,0.98
31,SEAFOOD,Babahoyo,Los Rios,B,10,5.2661915,8863.0,0.11183049,perishable,1,2,0.5
32,AUTOMOTIVE,Guayaquil,Guayas,C,3,1.8413547,3099.0,0.2577987,hardware,7,0,0.98
32,BABY CARE,Guayaquil,Guayas,C,3,0.05872888,73.0,0.9444003,grocery,3,0,0.98
32,BEAUTY,Guayaquil,Guayas,C,3,0.2590612,436.0,0.77457327,grocery,3,0,0.98
32,BEVERAGES,Guayaquil,Guayas,C,3,600.8907,1.011299e+06,0.002354326,grocery,2,0,0.98
32,BREAD/BAKERY,Guayaquil,Guayas,C,3,99.418304,167321.0,0.002354326,perishable,1,2,0.5
32,CELEBRATION,Guayaquil,Guayas,C,3,2.867223,3779.0,0.31484258,grocery,3,0,0.98
32,CLEANING,Guayaquil,Guayas,C,3,451.3892,759688.0,0.002354326,grocery,2,0,0.98
32,DAIRY,Guayaquil,Guayas,C,3,143.79738,242011.0,0.002354326,perishable,1,5,0.5
32,DELI,Guayaquil,Guayas,C,3,96.90077,163084.0,0.002354326,perishable,1,3,0.5
32,EGGS,Guayaquil,Guayas,C,3,133.81165,225205.0,0.002354326,perishable,1,5,0.5
32,FROZEN FOODS,Guayaquil,Guayas,C,3,28.448479,47878.79,0.008828723,grocery,2,0,0.98
32,GROCERY I,Guayaquil,Guayas,C,3,1471.591,2.4766875e+06,0.002354326,grocery,2,0,0.98
32,GROCERY II,Guayaquil,Guayas,C,3,1.7504456,2946.0,0.31077105,grocery,3,0,0.98
32,HARDWARE,Guayaquil,Guayas,C,3,0.4890077,823.0,0.6527369,hardware,7,0,0.98
32,HOME AND KITCHEN I,Guayaquil,Guayas,C,3,9.0902195,11990.0,0.13932584,hardware,7,0,0.98
32,HOME AND KITCHEN II,Guayaquil,Guayas,C,3,3.0174375,3980.0,0.19550562,hardware,7,0,0.98
32,HOME APPLIANCES,Guayaquil,Guayas,C,3,0.1734997,292.0,0.8422602,hardware,7,0,0.98
32,HOME CARE,Guayaquil,Guayas,C,3,77.44352,102148.0,0.2059925,grocery,2,0,0.98
32,LAWN AND GARDEN,Guayaquil,Guayas,C,3,0.014827018,9.0,0.96629214,hardware,7,0,0.98
32,LINGERIE,Guayaquil,Guayas,C,3,2.3012478,3873.0,0.26957032,hardware,7,0,0.98
32,"LIQUOR,WINE,BEER",Guayaquil,Guayas,C,3,75.51634,127094.0,0.13419658,grocery,2,0,0.98
32,MAGAZINES,Guayaquil,Guayas,C,3,0.12885803,167.0,0.878811,grocery,3,0,0.98
32,MEATS,Guayaquil,Guayas,C,3,59.75446,100566.76,0.002354326,perishable,1,3,0.5
32,PERSONAL CARE,Guayaquil,Guayas,C,3,99.67736,167757.0,0.002354326,grocery,2,0,0.98
32,PET SUPPLIES,Guayaquil,Guayas,C,3,0.16538462,215.0,0.86018234,grocery,3,0,0.98
32,PLAYERS AND ELECTRONICS,Guayaquil,Guayas,C,3,1.0242792,1350.0,0.48650676,hardware,7,0,0.98
32,POULTRY,Guayaquil,Guayas,C,3,63.382904,106673.43,0.0029429076,perishable,1,3,0.5
32,PREPARED FOODS,Guayaquil,Guayas,C,3,11.4913845,19340.0,0.0064743967,perishable,1,2,0.5
32,PRODUCE,Guayaquil,Guayas,C,3,150.34227,198301.45,0.22696629,perishable,1,4,0.5618265777321704
32,SCHOOL AND OFFICE SUPPLIES,Guayaquil,Guayas,C,3,2.8489795,1396.0,0.743083,grocery,3,0,0.98
32,SEAFOOD,Guayaquil,Guayas,C,3,1.3743316,2313.0,0.47675103,perishable,1,2,0.5
33,AUTOMOTIVE,Quevedo,Los Rios,C,3,7.701723,12962.0,0.015891701,hardware,7,0,0.98
33,BABY CARE,Quevedo,Los Rios,C,3,0.41021416,249.0,0.7223114,grocery,3,0,0.98
33,BEAUTY,Quevedo,Los Rios,C,3,1.1016042,1854.0,0.41318423,grocery,3,0,0.98
33,BEVERAGES,Quevedo,Los Rios,C,3,1357.6792,2.284974e+06,0.002354326,grocery,2,0,0.98
33,BREAD/BAKERY,Quevedo,Los Rios,C,3,274.62567,462195.0,0.002354326,perishable,1,2,0.5
33,CELEBRATION,Quevedo,Los Rios,C,3,6.4268384,8477.0,0.25018728,grocery,3,0,0.98
33,CLEANING,Quevedo,Los Rios,C,3,1066.1973,1.79441e+06,0.002354326,grocery,2,0,0.98
33,DAIRY,Quevedo,Los Rios,C,3,385.13547,648183.0,0.002354326,perishable,1,5,0.5
33,DELI,Quevedo,Los Rios,C,3,198.38979,333890.0,0.002354326,perishable,1,3,0.5
33,EGGS,Quevedo,Los Rios,C,3,170.35057,286700.0,0.002354326,perishable,1,5,0.5
33,FROZEN FOODS,Quevedo,Los Rios,C,3,75.39747,126893.945,0.002354326,grocery,2,0,0.98
33,GROCERY I,Quevedo,Los Rios,C,3,3067.6382,5.162835e+06,0.002354326,grocery,2,0,0.98
33,GROCERY II,Quevedo,Los Rios,C,3,3.0998218,5217.0,0.22071807,grocery,3,0,0.98
33,HARDWARE,Quevedo,Los Rios,C,3,0.7404762,1244.0,0.5512972,hardware,7,0,0.98
33,HOME AND KITCHEN I,Quevedo,Los Rios,C,3,37.69674,49722.0,0.11460674,hardware,7,0,0.98
33,HOME AND KITCHEN II,Quevedo,Los Rios,C,3,14.77862,19493.0,0.11460674,hardware,7,0,0.98
33,HOME APPLIANCES,Quevedo,Los Rios,C,3,0.17549078,295.0,0.8426635,hardware,7,0,0.98
33,HOME CARE,Quevedo,Los Rios,C,3,185.42683,244578.0,0.2059925,grocery,2,0,0.98
33,LAWN AND GARDEN,Quevedo,Los Rios,C,3,0.051030423,52.0,0.9748792,hardware,7,0,0.98
33,LINGERIE,Quevedo,Los Rios,C,3,12.61022,21223.0,0.018246027,hardware,7,0,0.98
33,"LIQUOR,WINE,BEER",Quevedo,Los Rios,C,3,64.40107,108387.0,0.109476164,grocery,2,0,0.98
33,MAGAZINES,Quevedo,Los Rios,C,3,1.1579347,1525.0,0.4883721,grocery,3,0,0.98
33,MEATS,Quevedo,Los Rios,C,3,251.79318,423767.94,0.002354326,perishable,1,3,0.5
33,PERSONAL CARE,Quevedo,Los Rios,C,3,238.44266,401299.0,0.002354326,grocery,2,0,0.98
33,PET SUPPLIES,Quevedo,Los Rios,C,3,0.8663102,1134.0,0.56905663,grocery,3,0,0.98
33,PLAYERS AND ELECTRONICS,Quevedo,Los Rios,C,3,3.898408,5142.0,0.2539326,hardware,7,0,0.98
33,POULTRY,Quevedo,Los Rios,C,3,211.5139,355977.9,0.003531489,perishable,1,3,0.5
33,PREPARED FOODS,Quevedo,Los Rios,C,3,37.18895,62589.0,0.002354326,perishable,1,2,0.5
33,PRODUCE,Quevedo,Los Rios,C,3,1022.5213,1.3487056e+06,0.22696629,perishable,1,4,0.5618265777321704
33,SCHOOL AND OFFICE SUPPLIES,Quevedo,Los Rios,C,3,2.9752066,1800.0,0.7987118,grocery,3,0,0.98
33,SEAFOOD,Quevedo,Los Rios,C,3,1.6203208,2727.0,0.37492642,perishable,1,2,0.5
34,AUTOMOTIVE,Guayaquil,Guayas,B,6,3.335116,5613.0,0.102413185,hardware,7,0,0.98
34,BABY CARE,Guayaquil,Guayas,B,6,0.2482157,313.0,0.82223964,grocery,3,0,0.98
34,BEAUTY,Guayaquil,Guayas,B,6,2.7397504,4611.0,0.14184815,grocery,3,0,0.98
34,BEVERAGES,Guayaquil,Guayas,B,6,2245.3237,3.77888e+06,0.002354326,grocery,2,0,0.98
34,BREAD/BAKERY,Guayaquil,Guayas,B,6,684.4397,1.151912e+06,0.002354326,perishable,1,2,0.5
34,CELEBRATION,Guayaquil,Guayas,B,6,8.867324,11696.0,0.23370786,grocery,3,0,0.98
34,CLEANING,Guayaquil,Guayas,B,6,914.9566,1.539872e+06,0.002354326,grocery,2,0,0.98
34,DAIRY,Guayaquil,Guayas,B,6,570.30005,959815.0,0.002354326,perishable,1,5,0.5
34,DELI,Guayaquil,Guayas,B,6,251.28773,422917.25,0.002354326,perishable,1,3,0.5
34,EGGS,Guayaquil,Guayas,B,6,114.81878,193240.0,0.002354326,perishable,1,5,0.5
34,FROZEN FOODS,Guayaquil,Guayas,B,6,127.48949,214564.81,0.002354326,grocery,2,0,0.98
34,GROCERY I,Guayaquil,Guayas,B,6,3798.9878,6.3936965e+06,0.002354326,grocery,2,0,0.98
34,GROCERY II,Guayaquil,Guayas,B,6,5.846702,9840.0,0.117716305,grocery,3,0,0.98
34,HARDWARE,Guayaquil,Guayas,B,6,1.8211527,3065.0,0.28722778,hardware,7,0,0.98
34,HOME AND KITCHEN I,Guayaquil,Guayas,B,6,31.347233,41347.0,0.11460674,hardware,7,0,0.98
34,HOME AND KITCHEN II,Guayaquil,Guayas,B,6,28.654284,37795.0,0.11460674,hardware,7,0,0.98
34,HOME APPLIANCES,Guayaquil,Guayas,B,6,0.65597147,1104.0,0.57563275,hardware,7,0,0.98
34,HOME CARE,Guayaquil,Guayas,B,6,192.87263,254399.0,0.2059925,grocery,2,0,0.98
34,LADIESWEAR,Guayaquil,Guayas,B,6,4.4003034,5804.0,0.2764045,hardware,7,0,0.98
34,LAWN AND GARDEN,Guayaquil,Guayas,B,6,2.054991,3438.0,0.5204263,hardware,7,0,0.98
34,LINGERIE,Guayaquil,Guayas,B,6,10.271539,17287.0,0.015303119,hardware,7,0,0.98
34,"LIQUOR,WINE,BEER",Guayaquil,Guayas,B,6,52.99465,89190.0,0.10888758,grocery,2,0,0.98
34,MAGAZINES,Guayaquil,Guayas,B,6,1.3939861,1808.0,0.46001524,grocery,3,0,0.98
34,MEATS,Guayaquil,Guayas,B,6,184.37413,310301.66,0.002354326,perishable,1,3,0.5
34,PERSONAL CARE,Guayaquil,Guayas,B,6,317.87164,534978.0,0.002354326,grocery,2,0,0.98
34,PET SUPPLIES,Guayaquil,Guayas,B,6,2.0136466,2656.0,0.3220974,grocery,3,0,0.98
34,PLAYERS AND ELECTRONICS,Guayaquil,Guayas,B,6,4.793025,6322.0,0.24194756,hardware,7,0,0.98
34,POULTRY,Guayaquil,Guayas,B,6,140.50174,236323.94,0.0023557127,perishable,1,3,0.5
34,PREPARED FOODS,Guayaquil,Guayas,B,6,34.981087,58873.168,0.002354326,perishable,1,2,0.5
34,PRODUCE,Guayaquil,Guayas,B,6,595.8155,785880.6,0.22696629,perishable,1,4,0.5618265777321704
34,SCHOOL AND OFFICE SUPPLIES,Guayaquil,Guayas,B,6,5.996209,7909.0,0.29962546,grocery,3,0,0.98
34,SEAFOOD,Guayaquil,Guayas,B,6,3.140309,5282.0,0.21613663,perishable,1,2,0.5
35,AUTOMOTIVE,Playas,Guayas,C,3,4.409388,7421.0,0.048263684,hardware,7,0,0.98
35,BABY CARE,Playas,Guayas,C,3,0.08372093,90.0,0.9367553,grocery,3,0,0.98
35,BEAUTY,Playas,Guayas,C,3,0.26710293,449.0,0.77018267,grocery,3,0,0.98
35,BEVERAGES,Playas,Guayas,C,3,1117.6625,1.881026e+06,0.002354326,grocery,2,0,0.98
35,BREAD/BAKERY,Playas,Guayas,C,3,93.05942,156619.0,0.002354326,perishable,1,2,0.5
35,CELEBRATION,Playas,Guayas,C,3,1.9962093,2633.0,0.37228465,grocery,3,0,0.98
35,CLEANING,Playas,Guayas,C,3,474.67084,798871.0,0.002354326,grocery,2,0,0.98
35,DAIRY,Playas,Guayas,C,3,158.25075,266336.0,0.002354326,perishable,1,5,0.5
35,DELI,Playas,Guayas,C,3,82.108734,138189.0,0.002354326,perishable,1,3,0.5
35,EGGS,Playas,Guayas,C,3,167.27748,281528.0,0.002354326,perishable,1,5,0.5
35,FROZEN FOODS,Playas,Guayas,C,3,53.314228,89727.84,0.0029429076,grocery,2,0,0.98
35,GROCERY I,Playas,Guayas,C,3,1737.4302,2.924095e+06,0.002354326,grocery,2,0,0.98
35,GROCERY II,Playas,Guayas,C,3,2.9988117,5047.0,0.15773985,grocery,3,0,0.98
35,HARDWARE,Playas,Guayas,C,3,0.6444709,1084.0,0.60129565,hardware,7,0,0.98
35,HOME AND KITCHEN I,Playas,Guayas,C,3,9.11903,12028.0,0.13857678,hardware,7,0,0.98
35,HOME AND KITCHEN II,Playas,Guayas,C,3,7.4268384,9796.0,0.12434457,hardware,7,0,0.98
35,HOME APPLIANCES,Playas,Guayas,C,3,0.20702402,336.0,0.8151312,hardware,7,0,0.98
35,HOME CARE,Playas,Guayas,C,3,82.95451,109417.0,0.2059925,grocery,2,0,0.98
35,LAWN AND GARDEN,Playas,Guayas,C,3,0.073763624,88.0,0.9801489,hardware,7,0,0.98
35,LINGERIE,Playas,Guayas,C,3,1.5121807,2545.0,0.4738081,hardware,7,0,0.98
35,"LIQUOR,WINE,BEER",Playas,Guayas,C,3,44.90493,75575.0,0.117127724,grocery,2,0,0.98
35,MAGAZINES,Playas,Guayas,C,3,0.36434108,470.0,0.72588056,grocery,3,0,0.98
35,MEATS,Playas,Guayas,C,3,161.30841,271482.06,0.002354326,perishable,1,3,0.5
35,PERSONAL CARE,Playas,Guayas,C,3,87.37908,147059.0,0.002354326,grocery,2,0,0.98
35,PET SUPPLIES,Playas,Guayas,C,3,0.35212356,456.0,0.7704043,grocery,3,0,0.98
35,PLAYERS AND ELECTRONICS,Playas,Guayas,C,3,0.8998483,1186.0,0.5442279,hardware,7,0,0.98
35,POULTRY,Playas,Guayas,C,3,56.342598,94824.59,0.003531489,perishable,1,3,0.5
35,PREPARED FOODS,Playas,Guayas,C,3,17.383839,29257.0,0.0041200705,perishable,1,2,0.5
35,PRODUCE,Playas,Guayas,C,3,278.1327,366857.03,0.22696629,perishable,1,4,0.5618265777321704
35,SCHOOL AND OFFICE SUPPLIES,Playas,Guayas,C,3,2.0403876,1263.0,0.77480316,grocery,3,0,0.98
35,SEAFOOD,Playas,Guayas,C,3,0.549346,924.0,0.74558306,perishable,1,2,0.5
36,AUTOMOTIVE,Libertad,Guayas,E,10,3.9697943,6177.0,0.088422395,hardware,7,0,0.98
36,BABY CARE,Libertad,Guayas,E,10,0.108153075,65.0,0.8962723,grocery,3,0,0.98
36,BEAUTY,Libertad,Guayas,E,10,1.4575835,2268.0,0.3346056,grocery,3,0,0.98
36,BEVERAGES,Libertad,Guayas,E,10,2123.509,3.30418e+06,0.001908397,grocery,2,0,0.98
36,BREAD/BAKERY,Libertad,Guayas,E,10,493.15616,767351.0,0.001908397,perishable,1,2,0.5
36,CELEBRATION,Libertad,Guayas,E,10,6.1265154,8087.0,0.23877245,grocery,3,0,0.98
36,CLEANING,Libertad,Guayas,E,10,881.25964,1.37124e+06,0.001908397,grocery,2,0,0.98
36,DAIRY,Libertad,Guayas,E,10,534.34576,831442.0,0.001908397,perishable,1,5,0.5
36,DELI,Libertad,Guayas,E,10,212.5957,330798.9,0.001908397,perishable,1,3,0.5
36,EGGS,Libertad,Guayas,E,10,118.721725,184731.0,0.001908397,perishable,1,5,0.5
36,FROZEN FOODS,Libertad,Guayas,E,10,106.00073,164937.14,0.001908397,grocery,2,0,0.98
36,GROCERY I,Libertad,Guayas,E,10,3455.674,5.377029e+06,0.001908397,grocery,2,0,0.98
36,GROCERY II,Libertad,Guayas,E,10,6.3219795,9837.0,0.06997456,grocery,3,0,0.98
36,HARDWARE,Libertad,Guayas,E,10,0.5224936,813.0,0.64122134,hardware,7,0,0.98
36,HOME AND KITCHEN I,Libertad,Guayas,E,10,25.85606,34130.0,0.11452096,hardware,7,0,0.98
36,HOME AND KITCHEN II,Libertad,Guayas,E,10,13.67803,18055.0,0.119011976,hardware,7,0,0.98
36,HOME APPLIANCES,Libertad,Guayas,E,10,0.2014157,313.0,0.83630574,hardware,7,0,0.98
36,HOME CARE,Libertad,Guayas,E,10,180.20378,237869.0,0.20583832,grocery,2,0,0.98
36,LADIESWEAR,Libertad,Guayas,E,10,0.07380953,93.0,0.9474922,hardware,7,0,0.98
36,LAWN AND GARDEN,Libertad,Guayas,E,10,8.730026,13549.0,0.14795919,hardware,7,0,0.98
36,LINGERIE,Libertad,Guayas,E,10,3.2056556,4988.0,0.1870229,hardware,7,0,0.98
36,"LIQUOR,WINE,BEER",Libertad,Guayas,E,10,129.22687,201077.0,0.105597965,grocery,2,0,0.98
36,MAGAZINES,Libertad,Guayas,E,10,0.7619784,986.0,0.57251906,grocery,3,0,0.98
36,MEATS,Libertad,Guayas,E,10,205.16533,319237.25,0.001908397,perishable,1,3,0.5
36,PERSONAL CARE,Libertad,Guayas,E,10,239.27313,372309.0,0.001908397,grocery,2,0,0.98
36,PET SUPPLIES,Libertad,Guayas,E,10,1.4298711,1886.0,0.44344568,grocery,3,0,0.98
36,PLAYERS AND ELECTRONICS,Libertad,Guayas,E,10,3.893859,5136.0,0.27116105,hardware,7,0,0.98
36,POULTRY,Libertad,Guayas,E,10,122.77038,191030.7,0.001908397,perishable,1,3,0.5
36,PREPARED FOODS,Libertad,Guayas,E,10,53.2269,82821.055,0.001908397,perishable,1,2,0.5
36,PRODUCE,Libertad,Guayas,E,10,1113.8862,1.4703299e+06,0.2267964,perishable,1,4,0.5618265777321704
36,SCHOOL AND OFFICE SUPPLIES,Libertad,Guayas,E,10,6.1334343,8090.0,0.5685393,grocery,3,0,0.98
36,SEAFOOD,Libertad,Guayas,E,10,1.0123774,1575.2593,0.5298982,perishable,1,2,0.5
37,AUTOMOTIVE,Cuenca,Azuay,D,2,4.0516934,6819.0,0.08534432,hardware,7,0,0.98
37,BABY CARE,Cuenca,Azuay,D,2,0.14516129,36.0,0.85227275,grocery,3,0,0.98
37,BEAUTY,Cuenca,Azuay,D,2,4.3273916,7283.0,0.032960564,grocery,3,0,0.98
37,BEVERAGES,Cuenca,Azuay,D,2,2091.5063,3.520005e+06,0.002354326,grocery,2,0,0.98
37,BOOKS,Cuenca,Azuay,D,2,0.8208469,252.0,0.65015477,grocery,3,0,0.98
37,BREAD/BAKERY,Cuenca,Azuay,D,2,547.8312,921999.9,0.002354326,perishable,1,2,0.5
37,CELEBRATION,Cuenca,Azuay,D,2,9.685368,12775.0,0.22921348,grocery,3,0,0.98
37,CLEANING,Cuenca,Azuay,D,2,1054.574,1.774848e+06,0.002354326,grocery,2,0,0.98
37,DAIRY,Cuenca,Azuay,D,2,885.1949,1.489783e+06,0.0029429076,perishable,1,5,0.5
37,DELI,Cuenca,Azuay,D,2,145.99586,245711.03,0.002354326,perishable,1,3,0.5
37,EGGS,Cuenca,Azuay,D,2,155.21806,261232.0,0.002354326,perishable,1,5,0.5
37,FROZEN FOODS,Cuenca,Azuay,D,2,193.56244,325765.6,0.003531489,grocery,2,0,0.98
37,GROCERY I,Cuenca,Azuay,D,2,3643.6448,6.132254e+06,0.0029429076,grocery,2,0,0.98
37,GROCERY II,Cuenca,Azuay,D,2,46.60012,78428.0,0.002354326,grocery,3,0,0.98
37,HARDWARE,Cuenca,Azuay,D,2,1.9268727,3241.0,0.21672556,hardware,7,0,0.98
37,HOME AND KITCHEN I,Cuenca,Azuay,D,2,26.9348,35527.0,0.11460674,hardware,7,0,0.98
37,HOME AND KITCHEN II,Cuenca,Azuay,D,2,19.424564,25621.0,0.11460674,hardware,7,0,0.98
37,HOME APPLIANCES,Cuenca,Azuay,D,2,0.33492252,562.0,0.7278631,hardware,7,0,0.98
37,HOME CARE,Cuenca,Azuay,D,2,199.94162,263723.0,0.2059925,grocery,2,0,0.98
37,LADIESWEAR,Cuenca,Azuay,D,2,20.628506,27209.0,0.22696629,hardware,7,0,0.98
37,LAWN AND GARDEN,Cuenca,Azuay,D,2,12.729055,21423.0,0.036492053,hardware,7,0,0.98
37,LINGERIE,Cuenca,Azuay,D,2,6.48366,10912.0,0.06650971,hardware,7,0,0.98
37,"LIQUOR,WINE,BEER",Cuenca,Azuay,D,2,107.622696,181129.0,0.10888758,grocery,2,0,0.98
37,MAGAZINES,Cuenca,Azuay,D,2,6.035633,7961.0,0.235206,grocery,3,0,0.98
37,MEATS,Cuenca,Azuay,D,2,249.57448,420033.84,0.002354326,perishable,1,3,0.5
37,PERSONAL CARE,Cuenca,Azuay,D,2,255.47058,429957.0,0.002354326,grocery,2,0,0.98
37,PET SUPPLIES,Cuenca,Azuay,D,2,8.1387415,10735.0,0.22696629,grocery,3,0,0.98
37,PLAYERS AND ELECTRONICS,Cuenca,Azuay,D,2,8.06975,10644.0,0.22771536,hardware,7,0,0.98
37,POULTRY,Cuenca,Azuay,D,2,244.4661,411436.44,0.002354326,perishable,1,3,0.5
37,PREPARED FOODS,Cuenca,Azuay,D,2,132.26817,222607.34,0.002354326,perishable,1,2,0.5
37,PRODUCE,Cuenca,Azuay,D,2,1910.979,3.0766762e+06,0.02890529,perishable,1,4,0.5618265777321704
37,SCHOOL AND OFFICE SUPPLIES,Cuenca,Azuay,D,2,0.4344767,494.0,0.6869037,grocery,3,0,0.98
37,SEAFOOD,Cuenca,Azuay,D,2,19.935925,33552.16,0.0029429076,perishable,1,2,0.5
38,AUTOMOTIVE,Loja,Loja,D,4,6.499703,10939.0,0.014125956,hardware,7,0,0.98
38,BABY CARE,Loja,Loja,D,4,0.055555556,22.0,0.934466,grocery,3,0,0.98
38,BEAUTY,Loja,Loja,D,4,5.067736,8529.0,0.05061801,grocery,3,0,0.98
38,BEVERAGES,Loja,Loja,D,4,1824.5823,3.070772e+06,0.002354326,grocery,2,0,0.98
38,BOOKS,Loja,Loja,D,4,0.53094465,163.0,0.67801857,grocery,3,0,0.98
38,BREAD/BAKERY,Loja,Loja,D,4,533.97546,898680.7,0.002354326,perishable,1,2,0.5
38,CELEBRATION,Loja,Loja,D,4,11.84458,15623.0,0.22921348,grocery,3,0,0.98
38,CLEANING,Loja,Loja,D,4,1070.6714,1.80194e+06,0.002354326,grocery,2,0,0.98
38,DAIRY,Loja,Loja,D,4,815.3107,1.372168e+06,0.002354326,perishable,1,5,0.5
38,DELI,Loja,Loja,D,4,169.12997,284645.75,0.002354326,perishable,1,3,0.5
38,EGGS,Loja,Loja,D,4,120.4902,202785.0,0.002354326,perishable,1,5,0.5
38,FROZEN FOODS,Loja,Loja,D,4,208.49202,350892.06,0.0029429076,grocery,2,0,0.98
38,GROCERY I,Loja,Loja,D,4,3763.552,6.334058e+06,0.002354326,grocery,2,0,0.98
38,GROCERY II,Loja,Loja,D,4,26.44088,44500.0,0.003531489,grocery,3,0,0.98
38,HARDWARE,Loja,Loja,D,4,1.7195485,2894.0,0.2519129,hardware,7,0,0.98
38,HOME AND KITCHEN I,Loja,Loja,D,4,29.038666,38302.0,0.11460674,hardware,7,0,0.98
38,HOME AND KITCHEN II,Loja,Loja,D,4,22.30705,29423.0,0.11460674,hardware,7,0,0.98
38,HOME APPLIANCES,Loja,Loja,D,4,0.17746913,230.0,0.8422256,hardware,7,0,0.98
38,HOME CARE,Loja,Loja,D,4,260.5595,343678.0,0.2059925,grocery,2,0,0.98
38,LADIESWEAR,Loja,Loja,D,4,22.236544,29330.0,0.22696629,hardware,7,0,0.98
38,LAWN AND GARDEN,Loja,Loja,D,4,8.551396,14392.0,0.048852265,hardware,7,0,0.98
38,LINGERIE,Loja,Loja,D,4,13.976233,23522.0,0.02295468,hardware,7,0,0.98
38,"LIQUOR,WINE,BEER",Loja,Loja,D,4,78.78075,132588.0,0.108299,grocery,2,0,0.98
38,MAGAZINES,Loja,Loja,D,4,6.4214125,8457.0,0.23555888,grocery,3,0,0.98
38,MEATS,Loja,Loja,D,4,185.38184,311997.62,0.002354326,perishable,1,3,0.5
38,PERSONAL CARE,Loja,Loja,D,4,358.70944,603708.0,0.002354326,grocery,2,0,0.98
38,PET SUPPLIES,Loja,Loja,D,4,4.9310083,6504.0,0.23595506,grocery,3,0,0.98
38,PLAYERS AND ELECTRONICS,Loja,Loja,D,4,7.5473843,9955.0,0.22996254,hardware,7,0,0.98
38,POULTRY,Loja,Loja,D,4,157.37115,264855.66,0.002354326,perishable,1,3,0.5
38,PREPARED FOODS,Loja,Loja,D,4,121.88212,205127.61,0.002354326,perishable,1,2,0.5
38,PRODUCE,Loja,Loja,D,4,1494.0657,2.4054458e+06,0.041205414,perishable,1,4,0.5618265777321704
38,SCHOOL AND OFFICE SUPPLIES,Loja,Loja,D,4,0.5184534,590.0,0.69584054,grocery,3,0,0.98
38,SEAFOOD,Loja,Loja,D,4,19.775398,33281.996,0.002354326,perishable,1,2,0.5
39,AUTOMOTIVE,Cuenca,Azuay,B,6,8.864528,14919.0,0.008240141,hardware,7,0,0.98
39,BABY CARE,Cuenca,Azuay,B,6,0.3481364,439.0,0.770556,grocery,3,0,0.98
39,BEAUTY,Cuenca,Azuay,B,6,3.795009,6387.0,0.08416716,grocery,3,0,0.98
39,BEVERAGES,Cuenca,Azuay,B,6,2272.5627,3.824723e+06,0.002354326,grocery,2,0,0.98
39,BREAD/BAKERY,Cuenca,Azuay,B,6,722.37195,1.215752e+06,0.002354326,perishable,1,2,0.5
39,CELEBRATION,Cuenca,Azuay,B,6,8.515542,11232.0,0.23146068,grocery,3,0,0.98
39,CLEANING,Cuenca,Azuay,B,6,1295.8425,2.180903e+06,0.002354326,grocery,2,0,0.98
39,DAIRY,Cuenca,Azuay,B,6,514.5181,865934.0,0.002354326,perishable,1,5,0.5
39,DELI,Cuenca,Azuay,B,6,184.76416,310958.1,0.002354326,perishable,1,3,0.5
39,EGGS,Cuenca,Azuay,B,6,385.8164,649329.0,0.002354326,perishable,1,5,0.5
39,FROZEN FOODS,Cuenca,Azuay,B,6,90.539375,152377.77,0.002354326,grocery,2,0,0.98
39,GROCERY I,Cuenca,Azuay,B,6,4278.061,7.199977e+06,0.002354326,grocery,2,0,0.98
39,GROCERY II,Cuenca,Azuay,B,6,28.629234,48183.0,0.002354326,grocery,3,0,0.98
39,HARDWARE,Cuenca,Azuay,B,6,1.8478906,3110.0,0.23602119,hardware,7,0,0.98
39,HOME AND KITCHEN I,Cuenca,Azuay,B,6,28.664898,37809.0,0.115355805,hardware,7,0,0.98
39,HOME AND KITCHEN II,Cuenca,Azuay,B,6,17.23806,22737.0,0.11460674,hardware,7,0,0.98
39,HOME APPLIANCES,Cuenca,Azuay,B,6,0.41889483,705.0,0.6833432,hardware,7,0,0.98
39,HOME CARE,Cuenca,Azuay,B,6,258.7157,341246.0,0.2059925,grocery,2,0,0.98
39,LADIESWEAR,Cuenca,Azuay,B,6,5.855193,7723.0,0.25018728,hardware,7,0,0.98
39,LAWN AND GARDEN,Cuenca,Azuay,B,6,7.7367797,13021.0,0.047675103,hardware,7,0,0.98
39,LINGERIE,Cuenca,Azuay,B,6,6.9108734,11631.0,0.028251912,hardware,7,0,0.98
39,"LIQUOR,WINE,BEER",Cuenca,Azuay,B,6,64.24956,108132.0,0.10888758,grocery,2,0,0.98
39,MAGAZINES,Cuenca,Azuay,B,6,2.4784284,3217.0,0.37519026,grocery,3,0,0.98
39,MEATS,Cuenca,Azuay,B,6,240.11641,404115.9,0.002354326,perishable,1,3,0.5
39,PERSONAL CARE,Cuenca,Azuay,B,6,307.7831,517999.0,0.002354326,grocery,2,0,0.98
39,PET SUPPLIES,Cuenca,Azuay,B,6,3.4480667,4548.0,0.27265918,grocery,3,0,0.98
39,PLAYERS AND ELECTRONICS,Cuenca,Azuay,B,6,6.8953753,9095.0,0.22996254,hardware,7,0,0.98
39,POULTRY,Cuenca,Azuay,B,6,205.575,345982.72,0.002354326,perishable,1,3,0.5
39,PREPARED FOODS,Cuenca,Azuay,B,6,76.134895,128135.02,0.002354326,perishable,1,2,0.5
39,PRODUCE,Cuenca,Azuay,B,6,1356.8503,1.7896856e+06,0.22696629,perishable,1,4,0.5618265777321704
39,SCHOOL AND OFFICE SUPPLIES,Cuenca,Azuay,B,6,2.3740516,3129.0,0.41079462,grocery,3,0,0.98
39,SEAFOOD,Cuenca,Azuay,B,6,11.323588,19057.6,0.010005886,perishable,1,2,0.5
40,AUTOMOTIVE,Machala,El Oro,C,3,3.838384,6460.0,0.06650971,hardware,7,0,0.98
40,BABY CARE,Machala,El Oro,C,3,0.3931692,495.0,0.7921569,grocery,3,0,0.98
40,BEAUTY,Machala,El Oro,C,3,1.2020202,2023.0,0.39317244,grocery,3,0,0.98
40,BEVERAGES,Machala,El Oro,C,3,2307.8628,3.884133e+06,0.002354326,grocery,2,0,0.98
40,BREAD/BAKERY,Machala,El Oro,C,3,363.8479,612356.0,0.002354326,perishable,1,2,0.5
40,CELEBRATION,Machala,El Oro,C,3,7.1243367,9397.0,0.25243446,grocery,3,0,0.98
40,CLEANING,Machala,El Oro,C,3,1380.719,2.32375e+06,0.002354326,grocery,2,0,0.98
40,DAIRY,Machala,El Oro,C,3,466.6233,785327.0,0.002354326,perishable,1,5,0.5
40,DELI,Machala,El Oro,C,3,249.29305,419560.2,0.002354326,perishable,1,3,0.5
40,EGGS,Machala,El Oro,C,3,141.75104,238567.0,0.002354326,perishable,1,5,0.5
40,FROZEN FOODS,Machala,El Oro,C,3,70.53143,118704.41,0.0029429076,grocery,2,0,0.98
40,GROCERY I,Machala,El Oro,C,3,4321.391,7.272901e+06,0.002354326,grocery,2,0,0.98
40,GROCERY II,Machala,El Oro,C,3,8.848485,14892.0,0.021777516,grocery,3,0,0.98
40,HARDWARE,Machala,El Oro,C,3,1.0697675,1794.0,0.46012995,hardware,7,0,0.98
40,HOME AND KITCHEN I,Machala,El Oro,C,3,27.145565,35805.0,0.11460674,hardware,7,0,0.98
40,HOME AND KITCHEN II,Machala,El Oro,C,3,20.15618,26586.0,0.11460674,hardware,7,0,0.98
40,HOME APPLIANCES,Machala,El Oro,C,3,0.22069378,369.0,0.8021327,hardware,7,0,0.98
40,HOME CARE,Machala,El Oro,C,3,269.80212,355869.0,0.2059925,grocery,2,0,0.98
40,LAWN AND GARDEN,Machala,El Oro,C,3,0.1816758,232.0,0.8855375,hardware,7,0,0.98
40,LINGERIE,Machala,El Oro,C,3,8.046401,13526.0,0.06010607,hardware,7,0,0.98
40,"LIQUOR,WINE,BEER",Machala,El Oro,C,3,69.450386,116885.0,0.10888758,grocery,2,0,0.98
40,MAGAZINES,Machala,El Oro,C,3,1.1919268,1565.0,0.47479308,grocery,3,0,0.98
40,MEATS,Machala,El Oro,C,3,112.14044,188732.36,0.002354326,perishable,1,3,0.5
40,PERSONAL CARE,Machala,El Oro,C,3,284.50742,478826.0,0.002354326,grocery,2,0,0.98
40,PET SUPPLIES,Machala,El Oro,C,3,1.4526156,1916.0,0.4187266,grocery,3,0,0.98
40,PLAYERS AND ELECTRONICS,Machala,El Oro,C,3,5.308567,7002.0,0.23670413,hardware,7,0,0.98
40,POULTRY,Machala,El Oro,C,3,150.75848,253726.52,0.002354326,perishable,1,3,0.5
40,PREPARED FOODS,Machala,El Oro,C,3,49.37017,83090.0,0.002354326,perishable,1,2,0.5
40,PRODUCE,Machala,El Oro,C,3,858.72705,1.132661e+06,0.22696629,perishable,1,4,0.5618265777321704
40,SCHOOL AND OFFICE SUPPLIES,Machala,El Oro,C,3,2.9657595,3378.0,0.87445885,grocery,3,0,0.98
40,SEAFOOD,Machala,El Oro,C,3,3.106952,5229.0,0.25721014,perishable,1,2,0.5
41,AUTOMOTIVE,Machala,El Oro,D,4,4.8300653,8129.0,0.03472631,hardware,7,0,0.98
41,BABY CARE,Machala,El Oro,D,4,0.13753581,48.0,0.8821918,grocery,3,0,0.98
41,BEAUTY,Machala,El Oro,D,4,4.3333335,7293.0,0.062389642,grocery,3,0,0.98
41,BEVERAGES,Machala,El Oro,D,4,1519.5027,2.557323e+06,0.002354326,grocery,2,0,0.98
41,BOOKS,Machala,El Oro,D,4,0.17056856,51.0,0.82222223,grocery,3,0,0.98
41,BREAD/BAKERY,Machala,El Oro,D,4,417.15054,702064.4,0.002354326,perishable,1,2,0.5
41,CELEBRATION,Machala,El Oro,D,4,9.288856,12252.0,0.22921348,grocery,3,0,0.98
41,CLEANING,Machala,El Oro,D,4,866.36304,1.458089e+06,0.002354326,grocery,2,0,0.98
41,DAIRY,Machala,El Oro,D,4,555.20917,934417.0,0.002354326,perishable,1,5,0.5
41,DELI,Machala,El Oro,D,4,194.97343,328140.28,0.002354326,perishable,1,3,0.5
41,EGGS,Machala,El Oro,D,4,117.402855,197589.0,0.002354326,perishable,1,5,0.5
41,FROZEN FOODS,Machala,El Oro,D,4,179.46825,302045.06,0.002354326,grocery,2,0,0.98
41,GROCERY I,Machala,El Oro,D,4,2907.2847,4.89296e+06,0.002354326,grocery,2,0,0.98
41,GROCERY II,Machala,El Oro,D,4,22.714201,38228.0,0.0029429076,grocery,3,0,0.98
41,HARDWARE,Machala,El Oro,D,4,0.77005345,1296.0,0.53031194,hardware,7,0,0.98
41,HOME AND KITCHEN I,Machala,El Oro,D,4,21.495071,28352.0,0.115355805,hardware,7,0,0.98
41,HOME AND KITCHEN II,Machala,El Oro,D,4,24.7627,32662.0,0.11460674,hardware,7,0,0.98
41,HOME APPLIANCES,Machala,El Oro,D,4,0.3292232,534.0,0.7582418,hardware,7,0,0.98
41,HOME CARE,Machala,El Oro,D,4,182.6141,240868.0,0.2059925,grocery,2,0,0.98
41,LADIESWEAR,Machala,El Oro,D,4,10.255497,13527.0,0.24269663,hardware,7,0,0.98
41,LAWN AND GARDEN,Machala,El Oro,D,4,9.656566,16252.0,0.060035314,hardware,7,0,0.98
41,LINGERIE,Machala,El Oro,D,4,8.784908,14785.0,0.018834608,hardware,7,0,0.98
41,"LIQUOR,WINE,BEER",Machala,El Oro,D,4,70.68211,118958.0,0.10888758,grocery,2,0,0.98
41,MAGAZINES,Machala,El Oro,D,4,7.1152387,9385.0,0.22996254,grocery,3,0,0.98
41,MEATS,Machala,El Oro,D,4,171.96544,289417.84,0.002354326,perishable,1,3,0.5
41,PERSONAL CARE,Machala,El Oro,D,4,260.5936,438579.0,0.002354326,grocery,2,0,0.98
41,PET SUPPLIES,Machala,El Oro,D,4,5.832449,7693.0,0.23595506,grocery,3,0,0.98
41,PLAYERS AND ELECTRONICS,Machala,El Oro,D,4,5.9051595,7783.0,0.2383808,hardware,7,0,0.98
41,POULTRY,Machala,El Oro,D,4,158.20728,266262.84,0.002354326,perishable,1,3,0.5
41,PREPARED FOODS,Machala,El Oro,D,4,59.55269,100227.17,0.002354326,perishable,1,2,0.5
41,PRODUCE,Machala,El Oro,D,4,1212.2411,1.9517082e+06,0.022140222,perishable,1,4,0.5618265777321704
41,SCHOOL AND OFFICE SUPPLIES,Machala,El Oro,D,4,0.83494294,951.0,0.65367967,grocery,3,0,0.98
41,SEAFOOD,Machala,El Oro,D,4,7.8248796,13169.272,0.015891701,perishable,1,2,0.5
42,AUTOMOTIVE,Cuenca,Azuay,D,2,3.9033148,2826.0,0.07162162,hardware,7,0,0.98
42,BABY CARE,Cuenca,Azuay,D,2,0.06557377,24.0,0.91361254,grocery,3,0,0.98
42,BEAUTY,Cuenca,Azuay,D,2,5.5027623,3984.0,0.021621622,grocery,3,0,0.98
42,BEVERAGES,Cuenca,Azuay,D,2,2581.8093,1.86923e+06,0.0027027028,grocery,2,0,0.98
42,BOOKS,Cuenca,Azuay,D,2,0.98697066,303.0,0.57894737,grocery,3,0,0.98
42,BREAD/BAKERY,Cuenca,Azuay,D,2,526.56537,381233.34,0.0027027028,perishable,1,2,0.5
42,CELEBRATION,Cuenca,Azuay,D,2,12.05663,8729.0,0.004054054,grocery,3,0,0.98
42,CLEANING,Cuenca,Azuay,D,2,840.3743,608431.0,0.0027027028,grocery,2,0,0.98
42,DAIRY,Cuenca,Azuay,D,2,860.4613,622974.0,0.0027027028,perishable,1,5,0.5
42,DELI,Cuenca,Azuay,D,2,158.5264,114773.11,0.0027027028,perishable,1,3,0.5
42,EGGS,Cuenca,Azuay,D,2,131.5511,95243.0,0.0027027028,perishable,1,5,0.5
42,FROZEN FOODS,Cuenca,Azuay,D,2,164.46342,119071.52,0.0027027028,grocery,2,0,0.98
42,GROCERY I,Cuenca,Azuay,D,2,3228.3225,2.3373055e+06,0.0027027028,grocery,2,0,0.98
42,GROCERY II,Cuenca,Azuay,D,2,28.55801,20676.0,0.0027027028,grocery,3,0,0.98
42,HARDWARE,Cuenca,Azuay,D,2,1.1187845,810.0,0.38783783,hardware,7,0,0.98
42,HOME AND KITCHEN I,Cuenca,Azuay,D,2,21.314917,15432.0,0.0027027028,hardware,7,0,0.98
42,HOME AND KITCHEN II,Cuenca,Azuay,D,2,27.37569,19820.0,0.0027027028,hardware,7,0,0.98
42,HOME APPLIANCES,Cuenca,Azuay,D,2,0.25900277,187.0,0.7804878,hardware,7,0,0.98
42,HOME CARE,Cuenca,Azuay,D,2,217.59668,157540.0,0.0027027028,grocery,2,0,0.98
42,LADIESWEAR,Cuenca,Azuay,D,2,18.882597,13671.0,0.0027027028,hardware,7,0,0.98
42,LAWN AND GARDEN,Cuenca,Azuay,D,2,26.174032,18950.0,0.006756757,hardware,7,0,0.98
42,LINGERIE,Cuenca,Azuay,D,2,4.578729,3315.0,0.07972973,hardware,7,0,0.98
42,"LIQUOR,WINE,BEER",Cuenca,Azuay,D,2,80.04834,57955.0,0.05945946,grocery,2,0,0.98
42,MAGAZINES,Cuenca,Azuay,D,2,8.762431,6344.0,0.03108108,grocery,3,0,0.98
42,MEATS,Cuenca,Azuay,D,2,214.54688,155331.94,0.0027027028,perishable,1,3,0.5
42,PERSONAL CARE,Cuenca,Azuay,D,2,235.92957,170813.0,0.0027027028,grocery,2,0,0.98
42,PET SUPPLIES,Cuenca,Azuay,D,2,7.1823206,5200.0,0.010810811,grocery,3,0,0.98
42,PLAYERS AND ELECTRONICS,Cuenca,Azuay,D,2,8.5372925,6181.0,0.012162162,hardware,7,0,0.98
42,POULTRY,Cuenca,Azuay,D,2,237.76134,172139.2,0.0027027028,perishable,1,3,0.5
42,PREPARED FOODS,Cuenca,Azuay,D,2,80.27662,58120.273,0.0027027028,perishable,1,2,0.5
42,PRODUCE,Cuenca,Azuay,D,2,2603.4634,1.8849075e+06,0.0027027028,perishable,1,4,0.5618265777321704
42,SCHOOL AND OFFICE SUPPLIES,Cuenca,Azuay,D,2,0.60175693,411.0,0.6008584,grocery,3,0,0.98
42,SEAFOOD,Cuenca,Azuay,D,2,19.111113,13836.445,0.0027027028,perishable,1,2,0.5
43,AUTOMOTIVE,Esmeraldas,Esmeraldas,E,10,5.9661317,10041.0,0.053560916,hardware,7,0,0.98
43,BABY CARE,Esmeraldas,Esmeraldas,E,10,0.06840684,76.0,0.9396628,grocery,3,0,0.98
43,BEAUTY,Esmeraldas,Esmeraldas,E,10,1.1966726,2014.0,0.42554444,grocery,3,0,0.98
43,BEVERAGES,Esmeraldas,Esmeraldas,E,10,2974.1716,5.005531e+06,0.004708652,grocery,2,0,0.98
43,BREAD/BAKERY,Esmeraldas,Esmeraldas,E,10,304.02078,511667.0,0.004708652,perishable,1,2,0.5
43,CELEBRATION,Esmeraldas,Esmeraldas,E,10,6.8726306,9065.0,0.24569288,grocery,3,0,0.98
43,CLEANING,Esmeraldas,Esmeraldas,E,10,1012.0784,1.703328e+06,0.004708652,grocery,2,0,0.98
43,DAIRY,Esmeraldas,Esmeraldas,E,10,353.99167,595768.0,0.004708652,perishable,1,5,0.5
43,DELI,Esmeraldas,Esmeraldas,E,10,233.58562,393124.6,0.005297234,perishable,1,3,0.5
43,EGGS,Esmeraldas,Esmeraldas,E,10,140.41711,236322.0,0.005297234,perishable,1,5,0.5
43,FROZEN FOODS,Esmeraldas,Esmeraldas,E,10,50.966736,85777.016,0.005297234,grocery,2,0,0.98
43,GROCERY I,Esmeraldas,Esmeraldas,E,10,3299.0317,5.5522705e+06,0.004708652,grocery,2,0,0.98
43,GROCERY II,Esmeraldas,Esmeraldas,E,10,4.292929,7225.0,0.1559741,grocery,3,0,0.98
43,HARDWARE,Esmeraldas,Esmeraldas,E,10,1.1933373,2006.0,0.43076017,hardware,7,0,0.98
43,HOME AND KITCHEN I,Esmeraldas,Esmeraldas,E,10,18.706596,24674.0,0.11985019,hardware,7,0,0.98
43,HOME AND KITCHEN II,Esmeraldas,Esmeraldas,E,10,12.549659,16553.0,0.12509364,hardware,7,0,0.98
43,HOME APPLIANCES,Esmeraldas,Esmeraldas,E,10,0.1418919,231.0,0.86618006,hardware,7,0,0.98
43,HOME CARE,Esmeraldas,Esmeraldas,E,10,175.5307,231525.0,0.20973782,grocery,2,0,0.98
43,LAWN AND GARDEN,Esmeraldas,Esmeraldas,E,10,1.330462,1699.0,0.80355763,hardware,7,0,0.98
43,LINGERIE,Esmeraldas,Esmeraldas,E,10,3.490196,5874.0,0.28134197,hardware,7,0,0.98
43,"LIQUOR,WINE,BEER",Esmeraldas,Esmeraldas,E,10,90.59537,152472.0,0.11241907,grocery,2,0,0.98
43,MAGAZINES,Esmeraldas,Esmeraldas,E,10,1.5104086,1959.0,0.49428788,grocery,3,0,0.98
43,MEATS,Esmeraldas,Esmeraldas,E,10,148.07571,249211.44,0.005297234,perishable,1,3,0.5
43,PERSONAL CARE,Esmeraldas,Esmeraldas,E,10,220.91978,371808.0,0.005297234,grocery,2,0,0.98
43,PET SUPPLIES,Esmeraldas,Esmeraldas,E,10,0.8732612,1130.0,0.6625954,grocery,3,0,0.98
43,PLAYERS AND ELECTRONICS,Esmeraldas,Esmeraldas,E,10,3.4306293,4525.0,0.30337077,hardware,7,0,0.98
43,POULTRY,Esmeraldas,Esmeraldas,E,10,169.50284,285273.28,0.005297234,perishable,1,3,0.5
43,PREPARED FOODS,Esmeraldas,Esmeraldas,E,10,59.92448,100852.9,0.005297234,perishable,1,2,0.5
43,PRODUCE,Esmeraldas,Esmeraldas,E,10,625.87,825522.5,0.22996254,perishable,1,4,0.5618265777321704
43,SCHOOL AND OFFICE SUPPLIES,Esmeraldas,Esmeraldas,E,10,4.4519086,2916.0,0.49329358,grocery,3,0,0.98
43,SEAFOOD,Esmeraldas,Esmeraldas,E,10,0.74597496,1251.0,0.6296515,perishable,1,2,0.5
44,AUTOMOTIVE,Quito,Pichincha,A,5,18.882948,31780.0,0.002354326,hardware,7,0,0.98
44,BEAUTY,Quito,Pichincha,A,5,11.658942,19622.0,0.0076515595,grocery,3,0,0.98
44,BEVERAGES,Quito,Pichincha,A,5,7972.584,1.3417859e+07,0.002354326,grocery,2,0,0.98
44,BOOKS,Quito,Pichincha,A,5,1.7198697,528.0,0.4365325,grocery,3,0,0.98
44,BREAD/BAKERY,Quito,Pichincha,A,5,1386.2498,2.3330582e+06,0.002354326,perishable,1,2,0.5
44,CELEBRATION,Quito,Pichincha,A,5,28.637604,37773.0,0.22696629,grocery,3,0,0.98
44,CLEANING,Quito,Pichincha,A,5,2559.8694,4.30826e+06,0.002354326,grocery,2,0,0.98
44,DAIRY,Quito,Pichincha,A,5,2541.862,4.277954e+06,0.002354326,perishable,1,5,0.5
44,DELI,Quito,Pichincha,A,5,596.9662,1.00469406e+06,0.002354326,perishable,1,3,0.5
44,EGGS,Quito,Pichincha,A,5,648.76056,1.091864e+06,0.002354326,perishable,1,5,0.5
44,FROZEN FOODS,Quito,Pichincha,A,5,606.71094,1.0210945e+06,0.002354326,grocery,2,0,0.98
44,GROCERY I,Quito,Pichincha,A,5,9736.218,1.6386055e+07,0.002354326,grocery,2,0,0.98
44,GROCERY II,Quito,Pichincha,A,5,81.56863,137280.0,0.002354326,grocery,3,0,0.98
44,HARDWARE,Quito,Pichincha,A,5,4.1794415,7034.0,0.0765156,hardware,7,0,0.98
44,HOME AND KITCHEN I,Quito,Pichincha,A,5,102.21532,134822.0,0.11460674,hardware,7,0,0.98
44,HOME AND KITCHEN II,Quito,Pichincha,A,5,77.08719,101678.0,0.11460674,hardware,7,0,0.98
44,HOME APPLIANCES,Quito,Pichincha,A,5,1.9730061,3216.0,0.31166464,hardware,7,0,0.98
44,HOME CARE,Quito,Pichincha,A,5,509.6035,672167.0,0.2059925,grocery,2,0,0.98
44,LADIESWEAR,Quito,Pichincha,A,5,25.357088,33446.0,0.22696629,hardware,7,0,0.98
44,LAWN AND GARDEN,Quito,Pichincha,A,5,12.966132,21822.0,0.03472631,hardware,7,0,0.98
44,LINGERIE,Quito,Pichincha,A,5,19.292336,32469.0,0.0029429076,hardware,7,0,0.98
44,"LIQUOR,WINE,BEER",Quito,Pichincha,A,5,329.11588,553902.0,0.10888758,grocery,2,0,0.98
44,MAGAZINES,Quito,Pichincha,A,5,14.59439,19250.0,0.19400749,grocery,3,0,0.98
44,MEATS,Quito,Pichincha,A,5,972.4367,1.636611e+06,0.002354326,perishable,1,3,0.5
44,PERSONAL CARE,Quito,Pichincha,A,5,559.50146,941641.0,0.002354326,grocery,2,0,0.98
44,PET SUPPLIES,Quito,Pichincha,A,5,25.888552,34147.0,0.23146068,grocery,3,0,0.98
44,PLAYERS AND ELECTRONICS,Quito,Pichincha,A,5,33.598938,44317.0,0.22696629,hardware,7,0,0.98
44,POULTRY,Quito,Pichincha,A,5,1240.014,2.0869436e+06,0.002354326,perishable,1,3,0.5
44,PREPARED FOODS,Quito,Pichincha,A,5,471.18936,793011.7,0.002354326,perishable,1,2,0.5
44,PRODUCE,Quito,Pichincha,A,5,6624.881,1.0666058e+07,0.0043050433,perishable,1,4,0.5618265777321704
44,SCHOOL AND OFFICE SUPPLIES,Quito,Pichincha,A,5,22.39803,29543.0,0.23146068,grocery,3,0,0.98
44,SEAFOOD,Quito,Pichincha,A,5,123.38242,207652.62,0.002354326,perishable,1,2,0.5
45,AUTOMOTIVE,Quito,Pichincha,A,11,15.688057,26403.0,0.0029429076,hardware,7,0,0.98
45,BEAUTY,Quito,Pichincha,A,11,9.970885,16781.0,0.005297234,grocery,3,0,0.98
45,BEVERAGES,Quito,Pichincha,A,11,6756.0024,1.1370352e+07,0.002354326,grocery,2,0,0.98
45,BOOKS,Quito,Pichincha,A,11,1.8617363,579.0,0.43119267,grocery,3,0,0.98
45,BREAD/BAKERY,Quito,Pichincha,A,11,1137.582,1.9145506e+06,0.002354326,perishable,1,2,0.5
45,CELEBRATION,Quito,Pichincha,A,11,29.465504,38865.0,0.22771536,grocery,3,0,0.98
45,CLEANING,Quito,Pichincha,A,11,2506.1943,4.217925e+06,0.002354326,grocery,2,0,0.98
45,DAIRY,Quito,Pichincha,A,11,2109.3713,3.550072e+06,0.002354326,perishable,1,5,0.5
45,DELI,Quito,Pichincha,A,11,643.5751,1.0831369e+06,0.002354326,perishable,1,3,0.5
45,EGGS,Quito,Pichincha,A,11,413.7344,696315.0,0.002354326,perishable,1,5,0.5
45,FROZEN FOODS,Quito,Pichincha,A,11,521.4999,877684.25,0.002354326,grocery,2,0,0.98
45,GROCERY I,Quito,Pichincha,A,11,9714.647,1.6349751e+07,0.002354326,grocery,2,0,0.98
45,GROCERY II,Quito,Pichincha,A,11,82.90909,139536.0,0.002354326,grocery,3,0,0.98
45,HARDWARE,Quito,Pichincha,A,11,1.0891795,1832.0,0.41283864,hardware,7,0,0.98
45,HOME AND KITCHEN I,Quito,Pichincha,A,11,60.128887,79310.0,0.11460674,hardware,7,0,0.98
45,HOME AND KITCHEN II,Quito,Pichincha,A,11,65.452614,86332.0,0.11460674,hardware,7,0,0.98
45,HOME APPLIANCES,Quito,Pichincha,A,11,1.372549,2310.0,0.35609183,hardware,7,0,0.98
45,HOME CARE,Quito,Pichincha,A,11,521.4208,687754.0,0.2059925,grocery,2,0,0.98
45,LADIESWEAR,Quito,Pichincha,A,11,20.494314,27032.0,0.22846442,hardware,7,0,0.98
45,LAWN AND GARDEN,Quito,Pichincha,A,11,17.920975,30161.0,0.021777516,hardware,7,0,0.98
45,LINGERIE,Quito,Pichincha,A,11,5.1497326,8667.0,0.08240141,hardware,7,0,0.98
45,"LIQUOR,WINE,BEER",Quito,Pichincha,A,11,208.27808,350532.0,0.109476164,grocery,2,0,0.98
45,MAGAZINES,Quito,Pichincha,A,11,11.149468,14695.0,0.23688155,grocery,3,0,0.98
45,MEATS,Quito,Pichincha,A,11,1193.4708,2.0086115e+06,0.002354326,perishable,1,3,0.5
45,PERSONAL CARE,Quito,Pichincha,A,11,634.2097,1.067375e+06,0.002354326,grocery,2,0,0.98
45,PET SUPPLIES,Quito,Pichincha,A,11,17.257013,22762.0,0.2247191,grocery,3,0,0.98
45,PLAYERS AND ELECTRONICS,Quito,Pichincha,A,11,23.999243,31655.0,0.22696629,hardware,7,0,0.98
45,POULTRY,Quito,Pichincha,A,11,1273.9645,2.1440822e+06,0.002354326,perishable,1,3,0.5
45,PREPARED FOODS,Quito,Pichincha,A,11,325.72195,548190.06,0.002354326,perishable,1,2,0.5
45,PRODUCE,Quito,Pichincha,A,11,4294.151,6.913583e+06,0.0086100865,perishable,1,4,0.5618265777321704
45,SCHOOL AND OFFICE SUPPLIES,Quito,Pichincha,A,11,20.77028,27396.0,0.23670413,grocery,3,0,0.98
45,SEAFOOD,Quito,Pichincha,A,11,97.31413,163779.69,0.002354326,perishable,1,2,0.5
46,AUTOMOTIVE,Quito,Pichincha,A,14,15.199049,25580.0,0.0029429076,hardware,7,0,0.98
46,BEAUTY,Quito,Pichincha,A,14,11.8247175,19901.0,0.003531489,grocery,3,0,0.98
46,BEVERAGES,Quito,Pichincha,A,14,4671.1826,7.8616e+06,0.002354326,grocery,2,0,0.98
46,BOOKS,Quito,Pichincha,A,14,0.6503268,199.0,0.61490685,grocery,3,0,0.98
46,BREAD/BAKERY,Quito,Pichincha,A,14,778.435,1.3101061e+06,0.002354326,perishable,1,2,0.5
46,CELEBRATION,Quito,Pichincha,A,14,18.126612,23909.0,0.22696629,grocery,3,0,0.98
46,CLEANING,Quito,Pichincha,A,14,2299.8337,3.87062e+06,0.002354326,grocery,2,0,0.98
46,DAIRY,Quito,Pichincha,A,14,1429.6554,2.40611e+06,0.002354326,perishable,1,5,0.5
46,DELI,Quito,Pichincha,A,14,809.8429,1.3629656e+06,0.002354326,perishable,1,3,0.5
46,EGGS,Quito,Pichincha,A,14,179.65419,302358.0,0.002354326,perishable,1,5,0.5
46,FROZEN FOODS,Quito,Pichincha,A,14,395.0473,664864.6,0.002354326,grocery,2,0,0.98
46,GROCERY I,Quito,Pichincha,A,14,8521.843,1.4342262e+07,0.002354326,grocery,2,0,0.98
46,GROCERY II,Quito,Pichincha,A,14,42.03981,70753.0,0.002354326,grocery,3,0,0.98
46,HARDWARE,Quito,Pichincha,A,14,1.5395598,2588.0,0.31703004,hardware,7,0,0.98
46,HOME AND KITCHEN I,Quito,Pichincha,A,14,34.724033,45801.0,0.11460674,hardware,7,0,0.98
46,HOME AND KITCHEN II,Quito,Pichincha,A,14,43.658833,57586.0,0.115355805,hardware,7,0,0.98
46,HOME APPLIANCES,Quito,Pichincha,A,14,1.4004754,2357.0,0.3784579,hardware,7,0,0.98
46,HOME CARE,Quito,Pichincha,A,14,542.1039,715035.0,0.2059925,grocery,2,0,0.98
46,LADIESWEAR,Quito,Pichincha,A,14,26.125095,34459.0,0.22696629,hardware,7,0,0.98
46,LAWN AND GARDEN,Quito,Pichincha,A,14,10.658348,17938.0,0.032371983,hardware,7,0,0.98
46,LINGERIE,Quito,Pichincha,A,14,8.017825,13494.0,0.03413773,hardware,7,0,0.98
46,"LIQUOR,WINE,BEER",Quito,Pichincha,A,14,120.482475,202772.0,0.10888758,grocery,2,0,0.98
46,MAGAZINES,Quito,Pichincha,A,14,5.7996964,7644.0,0.2983508,grocery,3,0,0.98
46,MEATS,Quito,Pichincha,A,14,1169.6198,1.9684701e+06,0.002354326,perishable,1,3,0.5
46,PERSONAL CARE,Quito,Pichincha,A,14,744.2383,1.252553e+06,0.002354326,grocery,2,0,0.98
46,PET SUPPLIES,Quito,Pichincha,A,14,16.768764,22118.0,0.22397004,grocery,3,0,0.98
46,PLAYERS AND ELECTRONICS,Quito,Pichincha,A,14,20.314632,26795.0,0.22696629,hardware,7,0,0.98
46,POULTRY,Quito,Pichincha,A,14,1008.23926,1.6968666e+06,0.002354326,perishable,1,3,0.5
46,PREPARED FOODS,Quito,Pichincha,A,14,173.60933,292184.5,0.002354326,perishable,1,2,0.5
46,PRODUCE,Quito,Pichincha,A,14,1968.5817,3.1694165e+06,0.018450184,perishable,1,4,0.5618265777321704
46,SCHOOL AND OFFICE SUPPLIES,Quito,Pichincha,A,14,16.51706,21786.0,0.24719101,grocery,3,0,0.98
46,SEAFOOD,Quito,Pichincha,A,14,50.487217,84969.984,0.002354326,perishable,1,2,0.5
47,AUTOMOTIVE,Quito,Pichincha,A,14,16.001188,26930.0,0.002354326,hardware,7,0,0.98
47,BEAUTY,Quito,Pichincha,A,14,12.271539,20653.0,0.004708652,grocery,3,0,0.98
47,BEVERAGES,Quito,Pichincha,A,14,6410.489,1.0788853e+07,0.002354326,grocery,2,0,0.98
47,BOOKS,Quito,Pichincha,A,14,1.8925081,581.0,0.44272447,grocery,3,0,0.98
47,BREAD/BAKERY,Quito,Pichincha,A,14,1108.0785,1.8648961e+06,0.002354326,perishable,1,2,0.5
47,CELEBRATION,Quito,Pichincha,A,14,21.751328,28690.0,0.22696629,grocery,3,0,0.98
47,CLEANING,Quito,Pichincha,A,14,2326.4927,3.915487e+06,0.002354326,grocery,2,0,0.98
47,DAIRY,Quito,Pichincha,A,14,1984.0701,3.33919e+06,0.002354326,perishable,1,5,0.5
47,DELI,Quito,Pichincha,A,14,641.6867,1.0799588e+06,0.002354326,perishable,1,3,0.5
47,EGGS,Quito,Pichincha,A,14,357.00296,600836.0,0.002354326,perishable,1,5,0.5
47,FROZEN FOODS,Quito,Pichincha,A,14,425.60187,716287.94,0.002354326,grocery,2,0,0.98
47,GROCERY I,Quito,Pichincha,A,14,9218.377,1.5514528e+07,0.002354326,grocery,2,0,0.98
47,GROCERY II,Quito,Pichincha,A,14,64.172905,108003.0,0.002354326,grocery,3,0,0.98
47,HARDWARE,Quito,Pichincha,A,14,1.8080808,3043.0,0.26603884,hardware,7,0,0.98
47,HOME AND KITCHEN I,Quito,Pichincha,A,14,51.24943,67598.0,0.11460674,hardware,7,0,0.98
47,HOME AND KITCHEN II,Quito,Pichincha,A,14,56.909023,75063.0,0.11460674,hardware,7,0,0.98
47,HOME APPLIANCES,Quito,Pichincha,A,14,1.8839779,3069.0,0.3088146,hardware,7,0,0.98
47,HOME CARE,Quito,Pichincha,A,14,532.6687,702590.0,0.2059925,grocery,2,0,0.98
47,LADIESWEAR,Quito,Pichincha,A,14,24.06141,31737.0,0.22771536,hardware,7,0,0.98
47,LAWN AND GARDEN,Quito,Pichincha,A,14,16.266191,27376.0,0.008240141,hardware,7,0,0.98
47,LINGERIE,Quito,Pichincha,A,14,5.1087346,8598.0,0.10359035,hardware,7,0,0.98
47,"LIQUOR,WINE,BEER",Quito,Pichincha,A,14,166.58824,280368.0,0.10888758,grocery,2,0,0.98
47,MAGAZINES,Quito,Pichincha,A,14,9.402884,12393.0,0.23913044,grocery,3,0,0.98
47,MEATS,Quito,Pichincha,A,14,897.1687,1.5099349e+06,0.002354326,perishable,1,3,0.5
47,PERSONAL CARE,Quito,Pichincha,A,14,702.84015,1.18288e+06,0.002354326,grocery,2,0,0.98
47,PET SUPPLIES,Quito,Pichincha,A,14,17.260803,22767.0,0.22771536,grocery,3,0,0.98
47,PLAYERS AND ELECTRONICS,Quito,Pichincha,A,14,23.153904,30540.0,0.22696629,hardware,7,0,0.98
47,POULTRY,Quito,Pichincha,A,14,1152.1343,1.939042e+06,0.002354326,perishable,1,3,0.5
47,PREPARED FOODS,Quito,Pichincha,A,14,288.7762,486010.34,0.002354326,perishable,1,2,0.5
47,PRODUCE,Quito,Pichincha,A,14,3972.0442,6.394991e+06,0.028290283,perishable,1,4,0.5618265777321704
47,SCHOOL AND OFFICE SUPPLIES,Quito,Pichincha,A,14,15.83624,20888.0,0.24794008,grocery,3,0,0.98
47,SEAFOOD,Quito,Pichincha,A,14,85.87482,144527.31,0.002354326,perishable,1,2,0.5
48,AUTOMOTIVE,Quito,Pichincha,A,14,13.543077,22793.0,0.0041200705,hardware,7,0,0.98
48,BEAUTY,Quito,Pichincha,A,14,10.560309,17773.0,0.008240141,grocery,3,0,0.98
48,BEVERAGES,Quito,Pichincha,A,14,3751.5525,6.313863e+06,0.002354326,grocery,2,0,0.98
48,BOOKS,Quito,Pichincha,A,14,0.18566775,57.0,0.84829724,grocery,3,0,0.98
48,BREAD/BAKERY,Quito,Pichincha,A,14,707.7033,1.1910646e+06,0.002354326,perishable,1,2,0.5
48,CELEBRATION,Quito,Pichincha,A,14,18.272177,24101.0,0.22696629,grocery,3,0,0.98
48,CLEANING,Quito,Pichincha,A,14,2140.6714,3.60275e+06,0.002354326,grocery,2,0,0.98
48,DAIRY,Quito,Pichincha,A,14,1199.4391,2.018656e+06,0.002354326,perishable,1,5,0.5
48,DELI,Quito,Pichincha,A,14,651.7051,1.0968196e+06,0.002354326,perishable,1,3,0.5
48,EGGS,Quito,Pichincha,A,14,142.4094,239675.0,0.002354326,perishable,1,5,0.5
48,FROZEN FOODS,Quito,Pichincha,A,14,308.97974,520012.88,0.002354326,grocery,2,0,0.98
48,GROCERY I,Quito,Pichincha,A,14,7623.8823,1.2830994e+07,0.002354326,grocery,2,0,0.98
48,GROCERY II,Quito,Pichincha,A,14,42.75104,71950.0,0.002354326,grocery,3,0,0.98
48,HARDWARE,Quito,Pichincha,A,14,0.89542484,1507.0,0.4896998,hardware,7,0,0.98
48,HOME AND KITCHEN I,Quito,Pichincha,A,14,41.294163,54467.0,0.11460674,hardware,7,0,0.98
48,HOME AND KITCHEN II,Quito,Pichincha,A,14,31.178923,41125.0,0.11460674,hardware,7,0,0.98
48,HOME APPLIANCES,Quito,Pichincha,A,14,0.8773006,1430.0,0.54313487,hardware,7,0,0.98
48,HOME CARE,Quito,Pichincha,A,14,496.89462,655404.0,0.2059925,grocery,2,0,0.98
48,LADIESWEAR,Quito,Pichincha,A,14,21.146322,27892.0,0.22696629,hardware,7,0,0.98
48,LAWN AND GARDEN,Quito,Pichincha,A,14,6.262032,10539.0,0.12183637,hardware,7,0,0.98
48,LINGERIE,Quito,Pichincha,A,14,5.459893,9189.0,0.11536198,hardware,7,0,0.98
48,"LIQUOR,WINE,BEER",Quito,Pichincha,A,14,103.84076,174764.0,0.108299,grocery,2,0,0.98
48,MAGAZINES,Quito,Pichincha,A,14,3.8703563,5105.0,0.3445693,grocery,3,0,0.98
48,MEATS,Quito,Pichincha,A,14,983.43085,1.6551141e+06,0.002354326,perishable,1,3,0.5
48,PERSONAL CARE,Quito,Pichincha,A,14,706.6702,1.189326e+06,0.002354326,grocery,2,0,0.98
48,PET SUPPLIES,Quito,Pichincha,A,14,12.278999,16196.0,0.22397004,grocery,3,0,0.98
48,PLAYERS AND ELECTRONICS,Quito,Pichincha,A,14,17.389688,22937.0,0.22696629,hardware,7,0,0.98
48,POULTRY,Quito,Pichincha,A,14,891.6658,1.5006735e+06,0.002354326,perishable,1,3,0.5
48,PREPARED FOODS,Quito,Pichincha,A,14,131.60097,221484.44,0.002354326,perishable,1,2,0.5
48,PRODUCE,Quito,Pichincha,A,14,1439.5834,2.3177292e+06,0.062730625,perishable,1,4,0.5618265777321704
48,SCHOOL AND OFFICE SUPPLIES,Quito,Pichincha,A,14,20.678545,27275.0,0.25468165,grocery,3,0,0.98
48,SEAFOOD,Quito,Pichincha,A,14,29.984245,50463.484,0.002354326,perishable,1,2,0.5
49,AUTOMOTIVE,Quito,Pichincha,A,11,10.38978,17486.0,0.008240141,hardware,7,0,0.98
49,BEAUTY,Quito,Pichincha,A,11,7.8686867,13243.0,0.010594468,grocery,3,0,0.98
49,BEVERAGES,Quito,Pichincha,A,11,5479.0767,9.221286e+06,0.002354326,grocery,2,0,0.98
49,BOOKS,Quito,Pichincha,A,11,1.4788274,454.0,0.43962848,grocery,3,0,0.98
49,BREAD/BAKERY,Quito,Pichincha,A,11,1028.3138,1.7306522e+06,0.002354326,perishable,1,2,0.5
49,CELEBRATION,Quito,Pichincha,A,11,26.485973,34935.0,0.22696629,grocery,3,0,0.98
49,CLEANING,Quito,Pichincha,A,11,1683.0547,2.832581e+06,0.002354326,grocery,2,0,0.98
49,DAIRY,Quito,Pichincha,A,11,1892.4438,3.184983e+06,0.002354326,perishable,1,5,0.5
49,DELI,Quito,Pichincha,A,11,367.3386,618230.9,0.002354326,perishable,1,3,0.5
49,EGGS,Quito,Pichincha,A,11,430.27213,724148.0,0.002354326,perishable,1,5,0.5
49,FROZEN FOODS,Quito,Pichincha,A,11,427.12332,718848.56,0.002354326,grocery,2,0,0.98
49,GROCERY I,Quito,Pichincha,A,11,6588.2236,1.108798e+07,0.002354326,grocery,2,0,0.98
49,GROCERY II,Quito,Pichincha,A,11,64.22282,108087.0,0.002354326,grocery,3,0,0.98
49,HARDWARE,Quito,Pichincha,A,11,1.698158,2858.0,0.31253678,hardware,7,0,0.98
49,HOME AND KITCHEN I,Quito,Pichincha,A,11,50.658073,66818.0,0.11460674,hardware,7,0,0.98
49,HOME AND KITCHEN II,Quito,Pichincha,A,11,33.06596,43614.0,0.11460674,hardware,7,0,0.98
49,HOME APPLIANCES,Quito,Pichincha,A,11,1.0350338,1684.0,0.46743762,hardware,7,0,0.98
49,HOME CARE,Quito,Pichincha,A,11,365.95377,482693.0,0.2059925,grocery,2,0,0.98
49,LADIESWEAR,Quito,Pichincha,A,11,13.656558,18013.0,0.22921348,hardware,7,0,0.98
49,LAWN AND GARDEN,Quito,Pichincha,A,11,16.797144,28236.0,0.014142605,hardware,7,0,0.98
49,LINGERIE,Quito,Pichincha,A,11,9.125371,15358.0,0.022366097,hardware,7,0,0.98
49,"LIQUOR,WINE,BEER",Quito,Pichincha,A,11,217.51575,366079.0,0.108299,grocery,2,0,0.98
49,MAGAZINES,Quito,Pichincha,A,11,10.776345,14214.0,0.21348314,grocery,3,0,0.98
49,MEATS,Quito,Pichincha,A,11,728.17487,1.2255182e+06,0.002354326,perishable,1,3,0.5
49,PERSONAL CARE,Quito,Pichincha,A,11,393.48248,662231.0,0.002354326,grocery,2,0,0.98
49,PET SUPPLIES,Quito,Pichincha,A,11,13.200151,17411.0,0.22247191,grocery,3,0,0.98
49,PLAYERS AND ELECTRONICS,Quito,Pichincha,A,11,25.900682,34163.0,0.22696629,hardware,7,0,0.98
49,POULTRY,Quito,Pichincha,A,11,873.8732,1.4707286e+06,0.002354326,perishable,1,3,0.5
49,PREPARED FOODS,Quito,Pichincha,A,11,297.29138,500341.38,0.002354326,perishable,1,2,0.5
49,PRODUCE,Quito,Pichincha,A,11,4980.104,8.0179675e+06,0.019680196,perishable,1,4,0.5618265777321704
49,SCHOOL AND OFFICE SUPPLIES,Quito,Pichincha,A,11,11.388931,15022.0,0.27790263,grocery,3,0,0.98
49,SEAFOOD,Quito,Pichincha,A,11,85.699104,144231.6,0.002354326,perishable,1,2,0.5
50,AUTOMOTIVE,Ambato,Tungurahua,A,14,11.632798,19578.0,0.0041200705,hardware,7,0,0.98
50,BEAUTY,Ambato,Tungurahua,A,14,7.6999407,12959.0,0.011183049,grocery,3,0,0.98
50,BEVERAGES,Ambato,Tungurahua,A,14,3223.0742,5.424434e+06,0.002354326,grocery,2,0,0.98
50,BOOKS,Ambato,Tungurahua,A,14,0.9448052,291.0,0.49691358,grocery,3,0,0.98
50,BREAD/BAKERY,Ambato,Tungurahua,A,14,578.282,973248.6,0.002354326,perishable,1,2,0.5
50,CELEBRATION,Ambato,Tungurahua,A,14,28.242607,37252.0,0.22696629,grocery,3,0,0.98
50,CLEANING,Ambato,Tungurahua,A,14,1604.4766,2.700334e+06,0.002354326,grocery,2,0,0.98
50,DAIRY,Ambato,Tungurahua,A,14,1004.9982,1.691412e+06,0.002354326,perishable,1,5,0.5
50,DELI,Ambato,Tungurahua,A,14,459.47974,773304.4,0.002354326,perishable,1,3,0.5
50,EGGS,Ambato,Tungurahua,A,14,114.83898,193274.0,0.002354326,perishable,1,5,0.5
50,FROZEN FOODS,Ambato,Tungurahua,A,14,264.4379,445049.0,0.002354326,grocery,2,0,0.98
50,GROCERY I,Ambato,Tungurahua,A,14,6014.13,1.0121781e+07,0.002354326,grocery,2,0,0.98
50,GROCERY II,Ambato,Tungurahua,A,14,46.50386,78266.0,0.003531489,grocery,3,0,0.98
50,HARDWARE,Ambato,Tungurahua,A,14,1.5107015,2541.0,0.3474676,hardware,7,0,0.98
50,HOME AND KITCHEN I,Ambato,Tungurahua,A,14,62.440487,82359.0,0.11460674,hardware,7,0,0.98
50,HOME AND KITCHEN II,Ambato,Tungurahua,A,14,57.268387,75537.0,0.11460674,hardware,7,0,0.98
50,HOME APPLIANCES,Ambato,Tungurahua,A,14,0.67117393,1092.0,0.63298845,hardware,7,0,0.98
50,HOME CARE,Ambato,Tungurahua,A,14,343.83777,453522.0,0.2059925,grocery,2,0,0.98
50,LADIESWEAR,Ambato,Tungurahua,A,14,16.79151,22148.0,0.22696629,hardware,7,0,0.98
50,LAWN AND GARDEN,Ambato,Tungurahua,A,14,5.1545777,8670.0,0.1401649,hardware,7,0,0.98
50,LINGERIE,Ambato,Tungurahua,A,14,6.184195,10408.0,0.078869924,hardware,7,0,0.98
50,"LIQUOR,WINE,BEER",Ambato,Tungurahua,A,14,113.306595,190695.0,0.10888758,grocery,2,0,0.98
50,MAGAZINES,Ambato,Tungurahua,A,14,5.9575434,7858.0,0.2434457,grocery,3,0,0.98
50,MEATS,Ambato,Tungurahua,A,14,616.21857,1.0370958e+06,0.002354326,perishable,1,3,0.5
50,PERSONAL CARE,Ambato,Tungurahua,A,14,490.2246,825048.0,0.002354326,grocery,2,0,0.98
50,PET SUPPLIES,Ambato,Tungurahua,A,14,7.1857467,9478.0,0.22996254,grocery,3,0,0.98
50,PLAYERS AND ELECTRONICS,Ambato,Tungurahua,A,14,18.100834,23875.0,0.22696629,hardware,7,0,0.98
50,POULTRY,Ambato,Tungurahua,A,14,438.21353,737513.4,0.002354326,perishable,1,3,0.5
50,PREPARED FOODS,Ambato,Tungurahua,A,14,123.000336,207009.56,0.002354326,perishable,1,2,0.5
50,PRODUCE,Ambato,Tungurahua,A,14,1508.1733,2.428159e+06,0.031365313,perishable,1,4,0.5618265777321704
50,SCHOOL AND OFFICE SUPPLIES,Ambato,Tungurahua,A,14,14.36467,18947.0,0.28014982,grocery,3,0,0.98
50,SEAFOOD,Ambato,Tungurahua,A,14,23.696636,39881.438,0.002354326,perishable,1,2,0.5
51,AUTOMOTIVE,Guayaquil,Guayas,A,17,6.9970293,11776.0,0.012360211,hardware,7,0,0.98
51,BEAUTY,Guayaquil,Guayas,A,17,4.816399,8106.0,0.037669215,grocery,3,0,0.98
51,BEVERAGES,Guayaquil,Guayas,A,17,4083.634,6.872756e+06,0.002354326,grocery,2,0,0.98
51,BOOKS,Guayaquil,Guayas,A,17,0.8436482,259.0,0.5263158,grocery,3,0,0.98
51,BREAD/BAKERY,Guayaquil,Guayas,A,17,854.56305,1.4382296e+06,0.002354326,perishable,1,2,0.5
51,CELEBRATION,Guayaquil,Guayas,A,17,12.254739,16164.0,0.22771536,grocery,3,0,0.98
51,CLEANING,Guayaquil,Guayas,A,17,1453.5984,2.446406e+06,0.002354326,grocery,2,0,0.98
51,DAIRY,Guayaquil,Guayas,A,17,1461.9376,2.460441e+06,0.002354326,perishable,1,5,0.5
51,DELI,Guayaquil,Guayas,A,17,259.06683,436009.47,0.002354326,perishable,1,3,0.5
51,EGGS,Guayaquil,Guayas,A,17,335.5609,564749.0,0.002354326,perishable,1,5,0.5
51,FROZEN FOODS,Guayaquil,Guayas,A,17,327.60278,551355.5,0.002354326,grocery,2,0,0.98
51,GROCERY I,Guayaquil,Guayas,A,17,4892.28,8.233707e+06,0.002354326,grocery,2,0,0.98
51,GROCERY II,Guayaquil,Guayas,A,17,31.816994,53548.0,0.0029429076,grocery,3,0,0.98
51,HARDWARE,Guayaquil,Guayas,A,17,1.4218657,2393.0,0.34432018,hardware,7,0,0.98
51,HOME AND KITCHEN I,Guayaquil,Guayas,A,17,26.589083,35071.0,0.11685393,hardware,7,0,0.98
51,HOME AND KITCHEN II,Guayaquil,Guayas,A,17,25.736164,33946.0,0.11460674,hardware,7,0,0.98
51,HOME APPLIANCES,Guayaquil,Guayas,A,17,1.1147944,1816.0,0.4455927,hardware,7,0,0.98
51,HOME CARE,Guayaquil,Guayas,A,17,256.84232,338775.0,0.2059925,grocery,2,0,0.98
51,LADIESWEAR,Guayaquil,Guayas,A,17,3.2615619,4302.0,0.3505618,hardware,7,0,0.98
51,LAWN AND GARDEN,Guayaquil,Guayas,A,17,17.330362,29167.0,0.043555032,hardware,7,0,0.98
51,LINGERIE,Guayaquil,Guayas,A,17,6.6327987,11163.0,0.055915244,hardware,7,0,0.98
51,"LIQUOR,WINE,BEER",Guayaquil,Guayas,A,17,160.43672,270015.0,0.10888758,grocery,2,0,0.98
51,MAGAZINES,Guayaquil,Guayas,A,17,7.4420013,9816.0,0.20374532,grocery,3,0,0.98
51,MEATS,Guayaquil,Guayas,A,17,636.97577,1.0720302e+06,0.002354326,perishable,1,3,0.5
51,PERSONAL CARE,Guayaquil,Guayas,A,17,287.67557,484158.0,0.002354326,grocery,2,0,0.98
51,PET SUPPLIES,Guayaquil,Guayas,A,17,14.086429,18580.0,0.22696629,grocery,3,0,0.98
51,PLAYERS AND ELECTRONICS,Guayaquil,Guayas,A,17,9.128885,12041.0,0.22846442,hardware,7,0,0.98
51,POULTRY,Guayaquil,Guayas,A,17,845.69,1.4232962e+06,0.002354326,perishable,1,3,0.5
51,PREPARED FOODS,Guayaquil,Guayas,A,17,169.42978,285150.3,0.002354326,perishable,1,2,0.5
51,PRODUCE,Guayaquil,Guayas,A,17,3518.727,5.6651505e+06,0.016605167,perishable,1,4,0.5618265777321704
51,SCHOOL AND OFFICE SUPPLIES,Guayaquil,Guayas,A,17,7.733131,10200.0,0.32958803,grocery,3,0,0.98
51,SEAFOOD,Guayaquil,Guayas,A,17,65.90172,110912.59,0.002354326,perishable,1,2,0.5
52,AUTOMOTIVE,Manta,Manabi,A,11,12.68644,1497.0,0.0,hardware,7,0,0.98
52,BEAUTY,Manta,Manabi,A,11,8.237288,972.0,0.0,grocery,3,0,0.98
52,BEVERAGES,Manta,Manabi,A,11,4557.5933,537796.0,0.0,grocery,2,0,0.98
52,BREAD/BAKERY,Manta,Manabi,A,11,826.44775,97520.836,0.0,perishable,1,2,0.5
52,CELEBRATION,Manta,Manabi,A,11,11.381356,1343.0,0.0074626864,grocery,3,0,0.98
52,CLEANING,Manta,Manabi,A,11,1706.8729,201411.0,0.0,grocery,2,0,0.98
52,DAIRY,Manta,Manabi,A,11,1191.3898,140584.0,0.0,perishable,1,5,0.5
52,DELI,Manta,Manabi,A,11,378.5121,44664.426,0.0,perishable,1,3,0.5
52,EGGS,Manta,Manabi,A,11,211.88136,25002.0,0.0,perishable,1,5,0.5
52,FROZEN FOODS,Manta,Manabi,A,11,344.255,40622.09,0.0,grocery,2,0,0.98
52,GROCERY I,Manta,Manabi,A,11,6239.0933,736213.0,0.0,grocery,2,0,0.98
52,GROCERY II,Manta,Manabi,A,11,48.067795,5672.0,0.0,grocery,3,0,0.98
52,HARDWARE,Manta,Manabi,A,11,3.3474576,395.0,0.06716418,hardware,7,0,0.98
52,HOME AND KITCHEN I,Manta,Manabi,A,11,58.694916,6926.0,0.0,hardware,7,0,0.98
52,HOME AND KITCHEN II,Manta,Manabi,A,11,53.14407,6271.0,0.0,hardware,7,0,0.98
52,HOME APPLIANCES,Manta,Manabi,A,11,0.9915254,117.0,0.37313432,hardware,7,0,0.98
52,HOME CARE,Manta,Manabi,A,11,375.82202,44347.0,0.0,grocery,2,0,0.98
52,LADIESWEAR,Manta,Manabi,A,11,10.711864,1264.0,0.014925373,hardware,7,0,0.98
52,LAWN AND GARDEN,Manta,Manabi,A,11,65.305084,7706.0,0.0,hardware,7,0,0.98
52,LINGERIE,Manta,Manabi,A,11,8.5,1003.0,0.0074626864,hardware,7,0,0.98
52,"LIQUOR,WINE,BEER",Manta,Manabi,A,11,209.74576,24750.0,0.0,grocery,2,0,0.98
52,MAGAZINES,Manta,Manabi,A,11,10.567797,1247.0,0.0,grocery,3,0,0.98
52,MEATS,Manta,Manabi,A,11,503.21118,59378.918,0.0,perishable,1,3,0.5
52,PERSONAL CARE,Manta,Manabi,A,11,385.1695,45450.0,0.0,grocery,2,0,0.98
52,PET SUPPLIES,Manta,Manabi,A,11,14.754237,1741.0,0.0,grocery,3,0,0.98
52,PLAYERS AND ELECTRONICS,Manta,Manabi,A,11,28.415255,3353.0,0.0,hardware,7,0,0.98
52,POULTRY,Manta,Manabi,A,11,494.60226,58363.066,0.0,perishable,1,3,0.5
52,PREPARED FOODS,Manta,Manabi,A,11,135.17972,15951.206,0.0,perishable,1,2,0.5
52,PRODUCE,Manta,Manabi,A,11,4925.065,581157.7,0.0,perishable,1,4,0.5618265777321704
52,SCHOOL AND OFFICE SUPPLIES,Manta,Manabi,A,11,18.915255,2232.0,0.03731343,grocery,3,0,0.98
52,SEAFOOD,Manta,Manabi,A,11,10.334542,1219.476,0.0,perishable,1,2,0.5
53,AUTOMOTIVE,Manta,Manabi,D,13,6.793515,7962.0,0.052188553,hardware,7,0,0.98
53,BABY CARE,Manta,Manabi,D,13,0.066066064,22.0,0.9140401,grocery,3,0,0.98
53,BEAUTY,Manta,Manabi,D,13,4.820819,5650.0,0.058080807,grocery,3,0,0.98
53,BEVERAGES,Manta,Manabi,D,13,1785.6647,2.092799e+06,0.0025252525,grocery,2,0,0.98
53,BOOKS,Manta,Manabi,D,13,0.25081432,77.0,0.78018576,grocery,3,0,0.98
53,BREAD/BAKERY,Manta,Manabi,D,13,447.04108,523932.16,0.0025252525,perishable,1,2,0.5
53,CELEBRATION,Manta,Manabi,D,13,7.7436347,8820.0,0.16623376,grocery,3,0,0.98
53,CLEANING,Manta,Manabi,D,13,912.85156,1.069862e+06,0.0033670033,grocery,2,0,0.98
53,DAIRY,Manta,Manabi,D,13,489.89078,574152.0,0.0025252525,perishable,1,5,0.5
53,DELI,Manta,Manabi,D,13,210.10402,246241.9,0.0025252525,perishable,1,3,0.5
53,EGGS,Manta,Manabi,D,13,92.407,108301.0,0.0025252525,perishable,1,5,0.5
53,FROZEN FOODS,Manta,Manabi,D,13,162.76932,190765.64,0.0025252525,grocery,2,0,0.98
53,GROCERY I,Manta,Manabi,D,13,2740.516,3.211885e+06,0.0025252525,grocery,2,0,0.98
53,GROCERY II,Manta,Manabi,D,13,14.816553,17365.0,0.0042087543,grocery,3,0,0.98
53,HARDWARE,Manta,Manabi,D,13,1.309727,1535.0,0.36784512,hardware,7,0,0.98
53,HOME AND KITCHEN I,Manta,Manabi,D,13,20.859526,23759.0,0.03982684,hardware,7,0,0.98
53,HOME AND KITCHEN II,Manta,Manabi,D,13,20.157156,22959.0,0.03809524,hardware,7,0,0.98
53,HOME APPLIANCES,Manta,Manabi,D,13,0.1288396,151.0,0.8771044,hardware,7,0,0.98
53,HOME CARE,Manta,Manabi,D,13,171.59526,195447.0,0.13506493,grocery,2,0,0.98
53,LADIESWEAR,Manta,Manabi,D,13,3.9201055,4465.0,0.26493508,hardware,7,0,0.98
53,LAWN AND GARDEN,Manta,Manabi,D,13,5.2030716,6098.0,0.26599327,hardware,7,0,0.98
53,LINGERIE,Manta,Manabi,D,13,6.981229,8182.0,0.07659933,hardware,7,0,0.98
53,"LIQUOR,WINE,BEER",Manta,Manabi,D,13,98.99829,116026.0,0.091750845,grocery,2,0,0.98
53,MAGAZINES,Manta,Manabi,D,13,3.0737488,3501.0,0.26926407,grocery,3,0,0.98
53,MEATS,Manta,Manabi,D,13,240.43262,281787.03,0.0025252525,perishable,1,3,0.5
53,PERSONAL CARE,Manta,Manabi,D,13,250.91467,294072.0,0.0033670033,grocery,2,0,0.98
53,PET SUPPLIES,Manta,Manabi,D,13,3.0895522,3519.0,0.27186146,grocery,3,0,0.98
53,PLAYERS AND ELECTRONICS,Manta,Manabi,D,13,5.1343284,5848.0,0.1982684,hardware,7,0,0.98
53,POULTRY,Manta,Manabi,D,13,197.03218,230921.72,0.0025252525,perishable,1,3,0.5
53,PREPARED FOODS,Manta,Manabi,D,13,71.85651,84215.83,0.0042087543,perishable,1,2,0.5
53,PRODUCE,Manta,Manabi,D,13,1593.881,1.8680285e+06,0.026094276,perishable,1,4,0.5618265777321704
53,SCHOOL AND OFFICE SUPPLIES,Manta,Manabi,D,13,1.1171806,1268.0,0.59687227,grocery,3,0,0.98
53,SEAFOOD,Manta,Manabi,D,13,5.588301,6549.4893,0.058080807,perishable,1,2,0.5
54,AUTOMOTIVE,El Carmen,Manabi,C,3,5.6601305,9526.0,0.025309006,hardware,7,0,0.98
54,BABY CARE,El Carmen,Manabi,C,3,0.24143426,303.0,0.8638867,grocery,3,0,0.98
54,BEAUTY,El Carmen,Manabi,C,3,0.62916666,1057.0,0.5784198,grocery,3,0,0.98
54,BEVERAGES,El Carmen,Manabi,C,3,1286.42,2.165045e+06,0.002354326,grocery,2,0,0.98
54,BREAD/BAKERY,El Carmen,Manabi,C,3,218.64587,367981.0,0.002354326,perishable,1,2,0.5
54,CELEBRATION,El Carmen,Manabi,C,3,3.7429872,4937.0,0.27415732,grocery,3,0,0.98
54,CLEANING,El Carmen,Manabi,C,3,1040.8574,1.751763e+06,0.002354326,grocery,2,0,0.98
54,DAIRY,El Carmen,Manabi,C,3,180.19667,303271.0,0.002354326,perishable,1,5,0.5
54,DELI,El Carmen,Manabi,C,3,183.98242,309642.4,0.002354326,perishable,1,3,0.5
54,EGGS,El Carmen,Manabi,C,3,70.6637,118927.0,0.002354326,perishable,1,5,0.5
54,FROZEN FOODS,El Carmen,Manabi,C,3,33.821762,56922.027,0.0029429076,grocery,2,0,0.98
54,GROCERY I,El Carmen,Manabi,C,3,2644.5574,4.45079e+06,0.002354326,grocery,2,0,0.98
54,GROCERY II,El Carmen,Manabi,C,3,7.9655375,13406.0,0.039434962,grocery,3,0,0.98
54,HARDWARE,El Carmen,Manabi,C,3,0.7080856,1191.0,0.5477032,hardware,7,0,0.98
54,HOME AND KITCHEN I,El Carmen,Manabi,C,3,19.082638,25170.0,0.11835206,hardware,7,0,0.98
54,HOME AND KITCHEN II,El Carmen,Manabi,C,3,11.087945,14625.0,0.11610487,hardware,7,0,0.98
54,HOME APPLIANCES,El Carmen,Manabi,C,3,0.181224,305.0,0.82989997,hardware,7,0,0.98
54,HOME CARE,El Carmen,Manabi,C,3,170.18498,224474.0,0.2059925,grocery,2,0,0.98
54,LINGERIE,El Carmen,Manabi,C,3,4.3043995,7240.0,0.12661955,hardware,7,0,0.98
54,"LIQUOR,WINE,BEER",El Carmen,Manabi,C,3,23.88057,40191.0,0.110064745,grocery,2,0,0.98
54,MAGAZINES,El Carmen,Manabi,C,3,0.58782744,763.0,0.6385084,grocery,3,0,0.98
54,MEATS,El Carmen,Manabi,C,3,52.11691,87712.76,0.002354326,perishable,1,3,0.5
54,PERSONAL CARE,El Carmen,Manabi,C,3,182.1937,306632.0,0.002354326,grocery,2,0,0.98
54,PET SUPPLIES,El Carmen,Manabi,C,3,0.13079847,172.0,0.8880541,grocery,3,0,0.98
54,PLAYERS AND ELECTRONICS,El Carmen,Manabi,C,3,2.5140257,3316.0,0.31011236,hardware,7,0,0.98
54,POULTRY,El Carmen,Manabi,C,3,52.816288,88889.81,0.0029429076,perishable,1,3,0.5
54,PREPARED FOODS,El Carmen,Manabi,C,3,61.25371,103090.0,0.002354326,perishable,1,2,0.5
54,PRODUCE,El Carmen,Manabi,C,3,451.99417,596180.3,0.22696629,perishable,1,4,0.5618265777321704
54,SCHOOL AND OFFICE SUPPLIES,El Carmen,Manabi,C,3,0.8989455,1023.0,0.8457539,grocery,3,0,0.98
54,SEAFOOD,El Carmen,Manabi,C,3,1.7456923,2938.0,0.39081812,perishable,1,2,0.5
